"taxon","lfc_(Intercept)","lfc_DietVegan","se_(Intercept)","se_DietVegan","W_(Intercept)","W_DietVegan","p_(Intercept)","p_DietVegan","q_(Intercept)","q_DietVegan","diff_(Intercept)","diff_DietVegan","passed_ss_(Intercept)","passed_ss_DietVegan","diff_robust_(Intercept)","diff_robust_DietVegan"
"Phocaeicola vulgatus",0.38751303621713,-0.773369634032004,0.613599370341432,0.680303047421167,0.63154079835757,-1.1368016606182,0.561978819649798,0.319103033150039,1,1,FALSE,FALSE,TRUE,TRUE,FALSE,FALSE
"Phocaeicola dorei",-0.327207775749846,0.656071989901945,0.509348483431965,0.604665357061367,-0.642404535191969,1.08501666622743,0.555579351360787,0.338933653651588,1,1,FALSE,FALSE,TRUE,TRUE,FALSE,FALSE
"Phocaeicola coprophilus",1.75344596374827,-3.50523548909429,0.781051371558622,0.871816131805637,2.24498160761077,-4.02061324769768,0.0881338394359058,0.0158563621422674,1,1,FALSE,FALSE,TRUE,TRUE,FALSE,FALSE
"Phocaeicola salanitronis",0.990420168819791,-1.97918389923733,0.796477401924574,1.44773351595021,1.24350065228038,-1.36709130335931,0.281584960280152,0.243386081188924,1,1,FALSE,FALSE,TRUE,TRUE,FALSE,FALSE
"Bacteroides eggerthii",2.73177318275024,-5.46188992709823,1.14766938191394,1.24923884196945,2.38027887281835,-4.37217427412637,0.0759662196111181,0.0119477457087508,1,1,FALSE,FALSE,TRUE,TRUE,FALSE,FALSE
"Bacteroides uniformis",0.492767946435657,-0.983879454469059,0.190291935879209,0.500408936046441,2.58953667247596,-1.9661508490283,0.0607135571683433,0.120700623033695,1,1,FALSE,FALSE,TRUE,TRUE,FALSE,FALSE
"Bacteroides thetaiotaomicron",-0.0011182883561279,0.00389301511451077,0.598829998125439,0.818017698687247,-0.00186745547088249,0.00475908421145199,0.998599409414422,0.996430703683176,1,1,FALSE,FALSE,TRUE,TRUE,FALSE,FALSE
"Bacteroides caccae",0.339369616774693,-0.677082795147133,0.60571430859468,0.762354211966656,0.56028000652992,-0.888147247721571,0.605182323272299,0.424642815225069,1,1,FALSE,FALSE,TRUE,TRUE,FALSE,FALSE
"Bacteroides xylanisolvens",1.07384346201146,-2.14603048562066,0.675654055290736,1.01091400895491,1.58933917972176,-2.12286155559288,0.18718565213587,0.101016075232874,1,1,FALSE,FALSE,TRUE,TRUE,FALSE,FALSE
"Bacteroides fragilis",0.494592214028645,-0.987527989655033,0.659354336338702,0.897684993506981,0.750115964619331,-1.10008298768264,0.494896842768904,0.333051504686919,1,1,FALSE,FALSE,TRUE,TRUE,FALSE,FALSE
"Bacteroides humanifaecis",0.734667819791395,-1.46767920118054,0.888805552075803,1.36521238391381,0.82657879226292,-1.07505558730208,0.4549300375281,0.342873979730986,1,1,FALSE,FALSE,TRUE,TRUE,FALSE,FALSE
"Bacteroides ovatus",0.02003772757891,-0.038419016755565,0.584200538277988,0.794317168705555,0.0342993993774363,-0.0483673503094159,0.974281753440333,0.963742156200083,1,1,FALSE,FALSE,TRUE,TRUE,FALSE,FALSE
"Bacteroides sp. DH3716P",1.11547185411526,-2.22928726982827,1.1523387694996,1.50373416186329,0.968006877525829,-1.4825009143012,0.387857040348246,0.21234599617601,1,1,FALSE,FALSE,TRUE,TRUE,FALSE,FALSE
"Bacteroides sp. HF-162",0.4854577320967,-0.969259025791144,0.570582654863598,0.837136772554101,0.850810531933805,-1.15782636430358,0.442808308774876,0.311359896437038,1,1,FALSE,FALSE,TRUE,TRUE,FALSE,FALSE
"Bacteroides sp. A1C1",0.675752678005465,-1.34984891760868,0.327804688712928,0.796406400726931,2.06144909231988,-1.69492474743621,0.108274459421452,0.165335516543679,1,1,FALSE,FALSE,TRUE,TRUE,FALSE,FALSE
"Bacteroides sp. CACC 737",0.856177693602709,-1.71069894880316,0.988176200184837,1.09655374078528,0.866422095009536,-1.5600684993132,0.435137366617722,0.193758872695147,1,1,FALSE,FALSE,TRUE,TRUE,FALSE,FALSE
"Bacteroides sp. D2",-0.910579678387782,1.82281579517782,0.81661291875894,0.930523407638788,-1.11506891143928,1.95891449931736,0.327292820786605,0.121706039281411,1,1,FALSE,FALSE,TRUE,TRUE,FALSE,FALSE
"Bacteroides stercoris",1.47118082999302,-2.94070522158379,1.47024206537271,1.86069107462503,1.00063851024428,-1.58043710838802,0.373626925365888,0.189160073344414,1,1,FALSE,FALSE,TRUE,TRUE,FALSE,FALSE
"Bacteroides caecimuris",1.16378330920456,-2.32591018000686,0.735467552963906,1.53365354896664,1.58237206320599,-1.51658122629719,0.188729092083053,0.203965312141551,1,1,FALSE,FALSE,TRUE,TRUE,FALSE,FALSE
"Bacteroides intestinalis",0.325121093708657,-0.648585749015059,1.25341042863992,2.52774557390231,0.259389172357092,-0.256586642149185,0.808137750772558,0.810154695636158,1,1,FALSE,FALSE,TRUE,TRUE,FALSE,FALSE
"Bacteroides salyersiae",-1.13547886225642,2.27261416291509,0.473628987695128,1.55035322980614,-2.39740153528635,1.46586862866037,0.0745662198227746,0.216561889340414,1,1,FALSE,FALSE,TRUE,TRUE,FALSE,FALSE
"Bacteroides faecis",1.69739600097672,-3.39313556355119,1.14360238982764,1.18913277610786,1.48425363227209,-2.85345390500229,0.211906583425911,0.0462341207255403,1,1,FALSE,FALSE,TRUE,TRUE,FALSE,FALSE
"Bacteroides helcogenes",0.769810926124276,-2.9024285034746,0.653403013444902,0.719178837508915,1.1781563755968,-4.03575349008879,0.448045070612507,0.154630527733438,1,1,FALSE,FALSE,TRUE,TRUE,FALSE,FALSE
"Bacteroides zhangwenhongii",0.918296243884229,-1.8349360493662,1.89573601423289,2.45745949360259,0.48440090655545,-0.746680079221255,0.653429790578232,0.49675385197885,1,1,FALSE,FALSE,TRUE,TRUE,FALSE,FALSE
"Bacteroides cellulosilyticus",-0.0696843212846125,0.14102508097148,1.33169012440184,1.72607351144216,-0.0523277300084455,0.0817028243795085,0.960776574434835,0.938807950636186,1,1,FALSE,FALSE,TRUE,TRUE,FALSE,FALSE
"Bacteroides faecium",0.666302568280088,-1.33094869815792,1.03520690325491,1.42283610341704,0.643641929149709,-0.935419543376468,0.554853635539987,0.402529417833732,1,1,FALSE,FALSE,TRUE,TRUE,FALSE,FALSE
"Bacteroides zoogleoformans",0.310700160028383,-0.833604153117092,0.0811507756972628,0.368113851365387,3.82867763565768,-2.26452808017176,1,1,1,1,FALSE,FALSE,TRUE,TRUE,FALSE,FALSE
"Bacteroides nordii",-0.0048101883422213,0.0112768150866956,1.19854655520611,1.92802934914367,-0.00401335127227836,0.0058488814455569,0.996989996646218,0.995613370179115,1,1,FALSE,FALSE,TRUE,TRUE,FALSE,FALSE
"Bacteroides luhongzhouii",0.61145208966769,-1.22124774093313,0.76499988490043,0.880419226715815,0.799283897601206,-1.38712070781176,0.468897838005299,0.237692103258944,1,1,FALSE,FALSE,TRUE,TRUE,FALSE,FALSE
"Alistipes onderdonkii",1.91308315624897,-3.82450987409568,0.447329829707535,1.14888714062326,4.27667244435666,-3.32888213199159,0.0128816472186908,0.0291360098873395,1,1,FALSE,FALSE,TRUE,TRUE,FALSE,FALSE
"Alistipes communis",0.864990809444866,-1.72832518048748,0.371098934390597,0.633795262721339,2.33089003843494,-2.72694556451327,0.0801738870983327,0.0526084117559505,1,1,FALSE,FALSE,TRUE,TRUE,FALSE,FALSE
"Alistipes finegoldii",0.204462724386212,-0.407269010370168,0.862148680470264,0.9086762514066,0.237154830736024,-0.448200346096566,0.824187652421888,0.677213919236383,1,1,FALSE,FALSE,TRUE,TRUE,FALSE,FALSE
"Alistipes ihumii",0.015001722741912,-0.0283470070815693,1.61586998323917,1.68687318033786,0.00928399122300642,-0.0168044684164649,0.993037131612783,0.987397390104021,1,1,FALSE,FALSE,TRUE,TRUE,FALSE,FALSE
"Alistipes dispar",2.73346206985378,-5.46526770130531,0.578637306025477,0.667644514497496,4.72396446165783,-8.18589471287538,0.00914475329172444,0.00121302187890942,1,0.631984398911807,FALSE,FALSE,TRUE,TRUE,FALSE,FALSE
"Alistipes senegalensis",-0.0125098171870544,0.0266760727763623,1.11593617869873,1.15484440197683,-0.011210154689708,0.0230992787692428,0.991592604093095,0.982677466471567,1,1,FALSE,FALSE,TRUE,TRUE,FALSE,FALSE
"Alistipes shahii",0.487988706870054,-0.974320975337854,0.467882128887916,0.798632254395975,1.04297359685425,-1.21998700900799,0.355845377221573,0.289477997276925,1,1,FALSE,FALSE,TRUE,TRUE,FALSE,FALSE
"Alistipes megaguti",2.05187382199143,-4.10209120558061,0.33660936153903,0.470465542096406,6.09571228978881,-8.71921711269562,0.00366345880628529,0.00095298485864533,1,0.497458096212862,FALSE,FALSE,TRUE,TRUE,FALSE,FALSE
"Alistipes indistinctus",0.625266252842545,-1.24887606728284,0.669869372711629,0.975862204273207,0.93341519752048,-1.27976681729667,0.403447037331709,0.269812410989834,1,1,FALSE,FALSE,TRUE,TRUE,FALSE,FALSE
"Alistipes sp. dk3624",-0.0174826002207883,0.0366216388438309,1.31445971739436,1.98718800640618,-0.0133002175642506,0.0184288747344348,0.990025204427314,0.986179321811612,1,1,FALSE,FALSE,TRUE,TRUE,FALSE,FALSE
"Parabacteroides johnsonii",2.07517647935922,-4.14869652031618,1.34635805984597,1.51262115021929,1.54132584878396,-2.74272015812733,0.198092083701661,0.0517604292924247,1,1,FALSE,FALSE,TRUE,TRUE,FALSE,FALSE
"Parabacteroides distasonis",0.386714504855021,-0.771772571307788,0.74624093675805,0.850300787505175,0.518216685531959,-0.907646544197856,0.631652226221209,0.415401738452647,1,1,FALSE,FALSE,TRUE,TRUE,FALSE,FALSE
"Parabacteroides merdae",0.559212684463221,-1.11676893052419,1.47982968104641,2.23018603862679,0.377889896131691,-0.500751466999507,0.72470987222625,0.642845731942857,1,1,FALSE,FALSE,TRUE,TRUE,FALSE,FALSE
"Parabacteroides goldsteinii",1.34119826229726,-2.68074008619227,0.999608620783855,1.28802103618389,1.34172338494395,-2.08128595021606,0.25079089211167,0.105868793735366,1,1,FALSE,FALSE,TRUE,TRUE,FALSE,FALSE
"Odoribacter splanchnicus",0.452092151727861,-0.902527865053467,0.339548594917116,0.57536445331489,1.33145051546515,-1.5686194373908,0.253851950843161,0.191814392369689,1,1,FALSE,FALSE,TRUE,TRUE,FALSE,FALSE
"Butyricimonas virosa",-0.165841745353076,0.333339929108407,1.66561404168271,1.8375637694692,-0.0995679318274309,0.181403189726959,0.925477884239325,0.864872348597734,1,1,FALSE,FALSE,TRUE,TRUE,FALSE,FALSE
"Butyricimonas faecalis",0.877851758227665,-1.75404707805308,0.339288462200276,0.531730501432661,2.58733159546547,-3.29875204323823,0.0608548683683132,0.0299684528461953,1,1,FALSE,FALSE,TRUE,TRUE,FALSE,FALSE
"Prevotella copri",-0.709019680769679,1.41969579994161,2.16867147537739,3.16163678503307,-0.326937338743895,0.449038234455754,0.760108319190908,0.676658080666053,1,1,FALSE,FALSE,TRUE,TRUE,FALSE,FALSE
"Prevotella corporis",2.08675228047279,-3.34933339837191,0.182366413757559,0.489585331505768,11.4426348441932,-6.84116370086234,0.00143244807957566,0.00639210759053409,0.737710760981463,1,FALSE,FALSE,TRUE,TRUE,FALSE,FALSE
"Prevotella sp. Rep29",NA,NA,NA,NA,NA,NA,1,1,1,1,FALSE,FALSE,TRUE,TRUE,FALSE,FALSE
"Prevotella intermedia",-1.47548349336332,3.84853081537343,0.583745231277077,0.64514447346223,-2.52761549783518,5.96537825817513,0.0856028538016926,0.0094249286725591,1,1,FALSE,FALSE,TRUE,TRUE,FALSE,FALSE
"Prevotella histicola",NA,NA,NA,NA,NA,NA,1,1,1,1,FALSE,FALSE,TRUE,TRUE,FALSE,FALSE
"Paraprevotella xylaniphila",-0.0905234557169963,0.182703349836248,1.0765978920207,1.85367214484828,-0.0840828840441901,0.0985629256737856,0.937030549322065,0.926227035270704,1,1,FALSE,FALSE,TRUE,TRUE,FALSE,FALSE
"Sodaliphilus pleomorphus",2.01532653883685,-4.02899663927144,0.831150639477693,0.918255923404159,2.42474281208916,-4.38766201946745,0.0723909283425425,0.0118041148180903,1,1,FALSE,FALSE,TRUE,TRUE,FALSE,FALSE
"Duncaniella dubosii",1.81921833319197,-2.90344348623722,0.80539500284238,0.888718667214963,2.25879019210652,-3.26699955041558,0.109047824532133,0.046883054331698,1,1,FALSE,FALSE,TRUE,TRUE,FALSE,FALSE
"Muribaculum gordoncarteri",1.44077997557897,-3.60331108752875,0.836845997004199,0.876971409699946,1.72167875658936,-4.10881249681972,0.183607711157425,0.0261023903460818,1,1,FALSE,FALSE,TRUE,TRUE,FALSE,FALSE
"Barnesiella viscericola",0.946397810938406,-1.89113918347456,0.496241996565016,0.606840342054051,1.90712962121176,-3.11637024175647,0.129172539991042,0.0356514954809698,1,1,FALSE,FALSE,TRUE,TRUE,FALSE,FALSE
"Coprobacter secundus",2.10231845056895,-4.57066296004054,0.369379883045568,0.531784768791365,5.69148063298724,-8.59494898740462,0.0295111796184803,0.0132679120952194,1,1,FALSE,FALSE,TRUE,TRUE,FALSE,FALSE
"Porphyromonas asaccharolytica",NA,NA,NA,NA,NA,NA,1,1,1,1,FALSE,FALSE,TRUE,TRUE,FALSE,FALSE
"Porphyromonas gingivalis",0.25466297418616,-0.531080889163851,1.17921498900816,1.20815961080818,0.215959749969222,-0.439578416968097,0.849043355323501,0.703179185464066,1,1,FALSE,FALSE,TRUE,TRUE,FALSE,FALSE
"Faecalibacterium prausnitzii",-0.484993296042395,0.971643030487043,1.24070488625571,1.30500566040805,-0.390901415328541,0.744550816877858,0.715797313110295,0.497907291535272,1,1,FALSE,FALSE,TRUE,TRUE,FALSE,FALSE
"Faecalibacterium sp. I3-3-89",0.612745222532368,-1.22383400666248,1.15654002083529,1.19320668806901,0.529808922729562,-1.02566807486056,0.624287766022547,0.363021952289016,1,1,FALSE,FALSE,TRUE,TRUE,FALSE,FALSE
"Faecalibacterium sp. I4-3-84",-0.814790147975442,1.63123673435314,1.20876992277152,1.49644545845482,-0.674065537722229,1.09007429915788,0.537217428325857,0.336948669336364,1,1,FALSE,FALSE,TRUE,TRUE,FALSE,FALSE
"Faecalibacterium sp. I2-3-92",0.463121499153866,-0.924586559905478,0.829352521057817,0.945902875431597,0.558413325328976,-0.977464583225426,0.606342076979406,0.383685320261685,1,1,FALSE,FALSE,TRUE,TRUE,FALSE,FALSE
"Faecalibacterium sp. IP-3-29",-0.689510907129471,1.3806782526612,0.876560933915993,1.11255401832688,-0.786609213861626,1.24099884582461,0.475496951020799,0.282414938554935,1,1,FALSE,FALSE,TRUE,TRUE,FALSE,FALSE
"Faecalibacterium sp. HTF-F",-0.645541175830275,1.2927387900628,0.63337958953614,0.805671493493522,-1.01920110230114,1.60454825633371,0.365736387691671,0.183861519426894,1,1,FALSE,FALSE,TRUE,TRUE,FALSE,FALSE
"Faecalibacterium sp. I4-1-79",-0.658841277984527,1.31933899437131,0.728636582272563,0.959365560850913,-0.904211089607457,1.3752202999669,0.417017653970586,0.241059096483555,1,1,FALSE,FALSE,TRUE,TRUE,FALSE,FALSE
"Faecalibacterium sp. IP-1-18",-0.619383715486304,1.24042386937486,1.03820504764346,1.19499149874118,-0.59659093056058,1.03801899066356,0.582904824275649,0.357887109601795,1,1,FALSE,FALSE,TRUE,TRUE,FALSE,FALSE
"Faecalibacterium sp. I3-3-33",-0.544628377503588,1.09091319340943,0.80133729948411,1.04500603535467,-0.679649353467276,1.04393004107309,0.534023987594053,0.355452430010238,1,1,FALSE,FALSE,TRUE,TRUE,FALSE,FALSE
"Faecalibacterium duncaniae",-0.554375428438882,1.11040729528002,0.703224868472456,0.867124921849711,-0.788333082763548,1.28056208200238,0.47459520446187,0.269559625473891,1,1,FALSE,FALSE,TRUE,TRUE,FALSE,FALSE
"Dysosmobacter welbionis",0.424407824757433,-0.847159211112611,0.564447859500019,0.782905259465789,0.7518990773273,-1.08207117128152,0.493935179532225,0.340094539196422,1,1,FALSE,FALSE,TRUE,TRUE,FALSE,FALSE
"Dysosmobacter sp. Marseille-Q4140",0.905160981595428,-1.8086655247886,0.895230551844111,1.20922355049626,1.01109259478562,-1.49572469378911,0.369165011245056,0.209053398384312,1,1,FALSE,FALSE,TRUE,TRUE,FALSE,FALSE
"Flavonifractor plautii",0.859368979423139,-1.71708152044402,0.70806752072412,0.79147680380654,1.21368224677823,-2.16946537433045,0.291629753833838,0.0958674666214109,1,1,FALSE,FALSE,TRUE,TRUE,FALSE,FALSE
"Ruthenibacterium lactatiformans",0.153761387326372,-0.305866336250489,0.542682338822242,0.727115864229538,0.2833358971292,-0.420656942445602,0.790978818638887,0.69562215493296,1,1,FALSE,FALSE,TRUE,TRUE,FALSE,FALSE
"Pusillibacter faecalis",0.504595660083244,-1.00753488176423,0.648618504658838,0.809556573047531,0.777954462382557,-1.2445515425456,0.480044221226259,0.281237019288445,1,1,FALSE,FALSE,TRUE,TRUE,FALSE,FALSE
"Vescimonas coprocola",0.0702131865974883,-0.138769934792722,0.862963120451344,1.08181679296049,0.0813629052430023,-0.128274894321954,0.939061833849372,0.904122206750736,1,1,FALSE,FALSE,TRUE,TRUE,FALSE,FALSE
"Vescimonas fastidiosa",-0.251907334142659,0.505471106687572,1.02836136353998,1.46546948541088,-0.244959936335517,0.344920936068381,0.818541148638741,0.747527025138643,1,1,FALSE,FALSE,TRUE,TRUE,FALSE,FALSE
"Anaerotruncus colihominis",0.356300206766283,-0.71094397513031,0.611449651631351,0.796633892942085,0.582713892821219,-0.892435008639527,0.591354884990111,0.422596324620202,1,1,FALSE,FALSE,TRUE,TRUE,FALSE,FALSE
"Oscillibacter hominis",0.260713014135867,-0.519769589869478,0.852662239935059,1.33809397801721,0.305763527367793,-0.388440272812284,0.77503701567322,0.717479001416411,1,1,FALSE,FALSE,TRUE,TRUE,FALSE,FALSE
"Subdoligranulum variabile",-0.857766517928113,1.71718947425848,1.07192273343053,1.10818940974827,-0.800213010860359,1.54954510407075,0.468416911056479,0.196179722312301,1,1,FALSE,FALSE,TRUE,TRUE,FALSE,FALSE
"Ruminococcus bicirculans",-1.97359076673309,3.94883797186843,0.667030899626831,0.736017594161359,-2.95876962796957,5.36514072923467,0.0416052270986678,0.00582623029693613,1,1,FALSE,FALSE,TRUE,TRUE,FALSE,FALSE
"Ruminococcus champanellensis",0.35994452280101,-0.718232607199766,1.59224158312322,1.63457476012367,0.226061501355197,-0.43940027995136,0.832235080207002,0.683066660341712,1,1,FALSE,FALSE,TRUE,TRUE,FALSE,FALSE
"Ruminococcus gauvreauii",-0.306032519350178,0.178353827875829,0.198842071190116,0.378914575066233,-1.53907328322674,0.470696667829823,0.366816222968445,0.719931002522888,1,1,FALSE,FALSE,TRUE,TRUE,FALSE,FALSE
"Ruminococcus bovis",-2.43578058288488,3.75964131765619,0.443789133058233,1.83063278401555,-5.48859897965385,2.05373865828476,0.0118980760939466,0.132288245166692,1,1,FALSE,FALSE,TRUE,TRUE,FALSE,FALSE
"Solibaculum mannosilyticum",-0.0864803958014287,0.376023071468694,0.354432016307027,0.46823238475976,-0.243997132941046,0.803069338447452,0.822967808083118,0.480668401027112,1,1,FALSE,FALSE,TRUE,TRUE,FALSE,FALSE
"Acutalibacter muris",0.925537105124418,-2.14372626661502,0.111977086077944,0.360764604245984,8.26541516252868,-5.94217459635628,0.0143238810839402,0.0271720284525326,1,1,FALSE,FALSE,TRUE,TRUE,FALSE,FALSE
"Monoglobus pectinilyticus",0.370589084534771,-0.917641461376566,0.221906117055405,0.775037317762776,1.67002644835718,-1.18399648680844,0.19350677698783,0.321679599965933,1,1,FALSE,FALSE,TRUE,TRUE,FALSE,FALSE
"Mageeibacillus indolicus",0.849549237009067,-1.71590838216706,0.0977066491460487,0.524711231472107,8.6948968615144,-3.27019564142544,0.00320165326746601,0.0467701261516347,1,1,FALSE,FALSE,TRUE,TRUE,FALSE,FALSE
"Fastidiosipila sanguinis",-0.767294889532955,0.975312221417507,0.0811507756972628,0.713604523343757,-9.45517628069741,1.36674052575712,0.0670809186355654,0.402130352391279,1,1,FALSE,FALSE,TRUE,TRUE,FALSE,FALSE
"Lachnospira eligens",-0.877228320945628,1.75611308029351,1.28015785013617,1.31815455247879,-0.685250120406882,1.33225127280495,0.530834465916551,0.253612038385005,1,1,FALSE,FALSE,TRUE,TRUE,FALSE,FALSE
"Simiaoa sunii",-0.635094976258798,1.27184639091985,1.13510933776987,1.1836889374613,-0.55950114682922,1.07447687535851,0.605666051729234,0.343104164310571,1,1,FALSE,FALSE,TRUE,TRUE,FALSE,FALSE
"Blautia obeum",-1.19326090462015,2.38817824764255,0.618413964336458,0.725586477404479,-1.92955038766061,3.29137645478922,0.125880473661256,0.0301764937364787,1,1,FALSE,FALSE,TRUE,TRUE,FALSE,FALSE
"Blautia wexlerae",-1.98830230128383,3.97826104096992,0.153721904422191,1.00681940637403,-12.9344110636506,3.95131541544008,0.000206088479431685,0.0167994632592124,0.107372097783908,1,FALSE,FALSE,TRUE,TRUE,FALSE,FALSE
"Blautia sp. SC05B48",-1.14014120374809,2.28193884589844,0.407427035825589,0.50715756765152,-2.79839358583009,4.49946720989564,0.0488915527744964,0.0108269671370335,1,1,FALSE,FALSE,TRUE,TRUE,FALSE,FALSE
"Blautia sp. NBRC 113351",0.185750995701594,-0.182467193963788,0.919450258003291,1.32075992627547,0.202023974744405,-0.138153187671543,0.858583126204941,0.902773764936468,1,1,FALSE,FALSE,TRUE,TRUE,FALSE,FALSE
"Blautia producta",-1.03649966302257,2.07465576444739,0.451556277417335,0.708479741814334,-2.29539420634523,2.9283205178661,0.0833604571625487,0.0428856235407208,1,1,FALSE,FALSE,TRUE,TRUE,FALSE,FALSE
"Blautia hansenii",0.257252468080928,-0.512848497759602,0.303182979565566,0.769096016869656,0.848505639892937,-0.666819859303105,0.443950044357834,0.541381455585586,1,1,FALSE,FALSE,TRUE,TRUE,FALSE,FALSE
"Blautia argi",-1.2973820408753,2.59642052015286,0.404902305557618,0.710263776539191,-3.20418536290771,3.65557220558832,0.0327698475403013,0.0216647014550768,1,1,FALSE,FALSE,TRUE,TRUE,FALSE,FALSE
"Blautia liquoris",0.0399008509188164,-0.366494405349974,0.0936989675865679,0.460064633606747,0.425840881138336,-0.796615037493287,0.698927963448752,0.48389168626381,1,1,FALSE,FALSE,TRUE,TRUE,FALSE,FALSE
"Roseburia hominis",-0.305399802016971,0.612456042436195,0.284264045715477,0.631739459398448,-1.07435254869569,0.96947568071715,0.343153633771662,0.387206617057234,1,1,FALSE,FALSE,TRUE,TRUE,FALSE,FALSE
"Roseburia intestinalis",-0.751190393940609,1.50403722628347,0.278444049799688,0.495232938185531,-2.69781449623727,3.03702987082013,0.0542169521267544,0.0385141441515048,1,1,FALSE,FALSE,TRUE,TRUE,FALSE,FALSE
"Roseburia sp. NSJ-69",-1.55797487367117,3.1176061857446,0.31911128156881,0.403029665980311,-4.88223063130793,7.73542607133267,0.00814750200504556,0.00150422592196075,1,0.782197479419592,FALSE,FALSE,TRUE,TRUE,FALSE,FALSE
"Coprococcus sp. ART55/1",0.0865048524920988,-0.171353266581943,0.991152080172659,1.02740857955899,0.087277073037096,-0.166782008629416,0.934645865212862,0.875633122270834,1,1,FALSE,FALSE,TRUE,TRUE,FALSE,FALSE
"Coprococcus comes",-1.67901954662547,3.3596955316532,0.884115615911058,0.920261974343394,-1.89909500116145,3.65080338568845,0.130374885546771,0.0217560366229763,1,1,FALSE,FALSE,TRUE,TRUE,FALSE,FALSE
"Coprococcus catus",-1.49967654406654,3.00100952653534,0.90779663998067,0.985298314341337,-1.65199613880316,3.04578774047887,0.173879431382679,0.0381852483481701,1,1,FALSE,FALSE,TRUE,TRUE,FALSE,FALSE
"Coprococcus eutactus",0.330782821222915,-0.659909204043576,1.65489317694164,1.76306636773384,0.199881675646415,-0.374296292028865,0.851323578338591,0.727180806798591,1,1,FALSE,FALSE,TRUE,TRUE,FALSE,FALSE
"[Ruminococcus] lactaris",-0.737198924755388,1.47605428791303,1.21078994352647,1.55070007816017,-0.608857819390429,0.951863167289122,0.575501743483954,0.395067746886776,1,1,FALSE,FALSE,TRUE,TRUE,FALSE,FALSE
"[Ruminococcus] torques",-1.25542706958907,2.5125105775804,0.319989867393637,0.430013039368953,-3.92333382245727,5.8428706749626,0.0171992911992297,0.00427821842474758,1,1,FALSE,FALSE,TRUE,TRUE,FALSE,FALSE
"[Ruminococcus] gnavus",0.0377058799327793,-0.073755321463304,0.861496861344658,0.914515809459481,0.0437678668659646,-0.0806495860436755,0.967187193714941,0.939594635389317,1,1,FALSE,FALSE,TRUE,TRUE,FALSE,FALSE
"Enterocloster asparagiformis",0.315209344169897,-0.628762249937538,0.748738945203776,0.95606695880332,0.420986975753091,-0.6576550357148,0.695400036736432,0.546680895449901,1,1,FALSE,FALSE,TRUE,TRUE,FALSE,FALSE
"Enterocloster bolteae",-0.00524568256895665,0.0121478035401672,0.724780241639356,0.914818814248064,-0.00723761806349965,0.0132789174763006,0.994571845690464,0.990041177730038,1,1,FALSE,FALSE,TRUE,TRUE,FALSE,FALSE
"Enterocloster clostridioformis",0.0759444780616651,-0.150232517721077,0.302243895412122,0.619108672003064,0.251268856755937,-0.242659365818628,0.813986728263685,0.820204103753742,1,1,FALSE,FALSE,TRUE,TRUE,FALSE,FALSE
"Dorea formicigenerans",-1.33240394489422,2.66646432819069,0.69048048000815,0.939842741978979,-1.92967648394418,2.8371388202414,0.125862218272614,0.0470036574916686,1,1,FALSE,FALSE,TRUE,TRUE,FALSE,FALSE
"Dorea longicatena",-1.25346367182636,2.50858378205498,0.525176088844833,0.72572290808493,-2.38674931789727,3.45666886646136,0.0754337063540759,0.0258963287683925,1,1,FALSE,FALSE,TRUE,TRUE,FALSE,FALSE
"Anaerobutyricum hallii",-2.13046774990833,4.26259193821892,0.716433502612291,1.01161519405131,-2.97371318083274,4.21364958067514,0.0409932065962024,0.0135464221265948,1,1,FALSE,FALSE,TRUE,TRUE,FALSE,FALSE
"Anaerostipes hadrus",-2.05993652015628,4.12152947871481,0.154236269909722,0.748959983633302,-13.3557205536804,5.50300359001923,0.000181728214065085,0.00531764080444169,0.0948621277419745,1,FALSE,FALSE,TRUE,TRUE,FALSE,FALSE
"Faecalicatena sp. Marseille-Q4148",0.141946872003421,-0.282237305604587,0.330006584455581,0.617839063479105,0.430133453966057,-0.456813630422274,0.689259064852656,0.671511944640551,1,1,FALSE,FALSE,TRUE,TRUE,FALSE,FALSE
"[Clostridium] scindens",-0.532614713030377,1.06688586446301,0.360442248430564,0.697434525521803,-1.4776700438128,1.52972906476746,0.213561890922046,0.200822803245064,1,1,FALSE,FALSE,TRUE,TRUE,FALSE,FALSE
"Lachnoclostridium phocaeense",0.747304665437745,-1.54550076288152,0.0831093592501557,0.513326276338212,8.99182320956644,-3.01075716190933,0.00290349245311767,0.0571773049354878,1,1,FALSE,FALSE,TRUE,TRUE,FALSE,FALSE
"[Clostridium] hylemonae",-0.175225613380643,0.35210766516354,0.58373148302375,0.874885049200996,-0.300181878957373,0.402461632514019,0.778992404147153,0.707924462719756,1,1,FALSE,FALSE,TRUE,TRUE,FALSE,FALSE
"Lachnoclostridium sp. YL32",0.457143642203505,-0.912630846004756,0.123638700736483,0.459485524821257,3.69741544904972,-1.9862015160538,0.0208826210022643,0.117961829515944,1,1,FALSE,FALSE,TRUE,TRUE,FALSE,FALSE
"Butyrivibrio crossotus",-1.03017598687156,2.06200841214537,0.28531550998343,0.463806445374939,-3.61065540016169,4.44583819976553,0.0225434729168501,0.0112829265982763,1,1,FALSE,FALSE,TRUE,TRUE,FALSE,FALSE
"Butyrivibrio fibrisolvens",-0.00808239217637431,-0.393130092552691,0.385206744542917,0.49493940889419,-0.0209819591449906,-0.79429943441165,0.986644429612308,0.572665598014932,1,1,FALSE,FALSE,TRUE,TRUE,FALSE,FALSE
"Wujia chipingensis",-0.908700786955249,1.81905801231275,1.40028510044724,2.16759629715523,-0.648939838512181,0.839205166893899,0.551753883103611,0.448581121172537,1,1,FALSE,FALSE,TRUE,TRUE,FALSE,FALSE
"Wansuia hejianensis",-1.00982823322191,2.02131290484606,0.42685170021594,0.500553679554211,-2.3657589572937,4.03815412294288,0.0771767573608595,0.0156278229035701,1,1,FALSE,FALSE,TRUE,TRUE,FALSE,FALSE
"Marvinbryantia formatexigens",-0.417368817125491,0.836394072653235,0.263253089078353,0.860240641147166,-1.58542799473577,0.972279188690585,0.18805049359234,0.385967752678152,1,1,FALSE,FALSE,TRUE,TRUE,FALSE,FALSE
"Qiania dongpingensis",0.0607404580282201,-0.401227083865648,0.544802239948714,0.977681010739897,0.111490837544901,-0.410386495654656,0.918268053927848,0.709071797562929,1,1,FALSE,FALSE,TRUE,TRUE,FALSE,FALSE
"Lacrimispora saccharolytica",-0.0930136775534861,-0.144970191229469,0.497579847312791,0.625636363509938,-0.186932163864377,-0.231716376612381,0.863641192627748,0.831664289822367,1,1,FALSE,FALSE,TRUE,TRUE,FALSE,FALSE
"Anaerotignum propionicum",NA,NA,NA,NA,NA,NA,1,1,1,1,FALSE,FALSE,TRUE,TRUE,FALSE,FALSE
"Sellimonas intestinalis",-0.779773932979428,0.999630234480433,0.932224440407943,1.27676902528086,-0.836465875790809,0.782937410516001,0.464281917243885,0.490782765829945,1,1,FALSE,FALSE,TRUE,TRUE,FALSE,FALSE
"Flintibacter sp. KGMB00164",1.38014309052175,-2.75862974264124,1.18455068929332,1.25550535965086,1.16511948622909,-2.19722657608438,0.308714809316722,0.0929396467731627,1,1,FALSE,FALSE,TRUE,TRUE,FALSE,FALSE
"Intestinimonas butyriciproducens",0.603421212737945,-1.20518598707364,0.405728136268567,0.579337461153098,1.48725503310551,-2.08028319914764,0.211156258155615,0.105988974686708,1,1,FALSE,FALSE,TRUE,TRUE,FALSE,FALSE
"Massilistercora timonensis",0.0396309503214363,-0.077605462240618,0.567765793480561,0.729582827803056,0.069801581526227,-0.106369639310599,0.947701885278597,0.920410263576768,1,1,FALSE,FALSE,TRUE,TRUE,FALSE,FALSE
"Clostridium sp. M62/1",-0.511842639791133,1.02534171798452,0.214077353954505,1.11144498234209,-2.39092379617093,0.922530340479717,0.0750923933615148,0.40846111017561,1,1,FALSE,FALSE,TRUE,TRUE,FALSE,FALSE
"Clostridium sp. SY8519",-0.546398515184735,1.09445346877172,0.638178128874059,0.776413893297386,-0.856184959125361,1.40962633232082,0.440155264259439,0.231451506551415,1,1,FALSE,FALSE,TRUE,TRUE,FALSE,FALSE
"Clostridium sp. C1",-0.667707632987812,0.899305339136261,0.0811507756972628,0.777361785265842,-8.2279883001825,1.15686846997337,0.076994851734531,0.453780193677041,1,1,FALSE,FALSE,TRUE,TRUE,FALSE,FALSE
"Clostridium perfringens",-0.169555075679403,0.615954176808182,0.869028066450302,0.910940127672355,-0.195108860375455,0.676174161283328,0.863331724672446,0.568642551428052,1,1,FALSE,FALSE,TRUE,TRUE,FALSE,FALSE
"Clostridium cadaveris",-1.06174310697738,1.46957885781035,0.431600128352423,0.607634229708998,-2.46001573500555,2.41852546475886,0.0908662725059291,0.0942933965088185,1,1,FALSE,FALSE,TRUE,TRUE,FALSE,FALSE
"Hungatella hathewayi",-0.000635830331494051,0.00292809906524152,0.202617876005049,0.429035708984847,-0.0031380761857271,0.00682483766251013,0.997646447689173,0.994881421422835,1,1,FALSE,FALSE,TRUE,TRUE,FALSE,FALSE
"Butyricicoccus sp. GAM44",-0.781930858248396,1.56551815489905,0.441360304057262,0.768196617596789,-1.77163838945278,2.03791336623765,0.151150507772641,0.111207121647605,1,1,FALSE,FALSE,TRUE,TRUE,FALSE,FALSE
"Clostridioides difficile",-0.302885758838598,0.607427956079449,0.153980305775771,0.563214028804778,-1.96704219616024,1.07850288702591,0.120577407348449,0.341505680308688,1,1,FALSE,FALSE,TRUE,TRUE,FALSE,FALSE
"Filifactor alocis",-0.355828779923911,0.65010907068992,0.324614813216322,0.451500012230048,-1.09615693873708,1.43988716075311,0.470816820853938,0.386443721593464,1,1,FALSE,FALSE,TRUE,TRUE,FALSE,FALSE
"Eubacterium ventriosum",-0.196829954538737,0.395316347479727,0.342663582985272,0.798428973294443,-0.57441165128772,0.495117738336311,0.596448188931413,0.646481206608417,1,1,FALSE,FALSE,TRUE,TRUE,FALSE,FALSE
"Eubacterium hominis",-0.0759254327455055,0.153507303893265,0.598947092805202,0.866321043732687,-0.126764840597029,0.177194476578629,0.905243317934873,0.867966339359276,1,1,FALSE,FALSE,TRUE,TRUE,FALSE,FALSE
"Eubacterium sp. c-25",0.173751685208022,-0.589579129165317,0.276848531347672,0.906928801525139,0.627605587655515,-0.650083146740792,0.574784074949839,0.561981190367319,1,1,FALSE,FALSE,TRUE,TRUE,FALSE,FALSE
"Eubacterium sp. MSJ-33",-1.40378369792175,2.0396465093843,0.675538297199443,0.929250421654063,-2.07802237673477,2.19493740530538,0.129246599453068,0.115718423809086,1,1,FALSE,FALSE,TRUE,TRUE,FALSE,FALSE
"Eubacterium callanderi",0.4602247010798,-0.918792963757345,0.892106593561653,0.979052654107713,0.515885326261737,-0.938451021916398,0.633139622949849,0.401144910730972,1,1,FALSE,FALSE,TRUE,TRUE,FALSE,FALSE
"Eubacterium maltosivorans",-0.454827391270599,0.617002726175018,0.214454065059845,0.672463008972365,-2.12086159870029,0.917526641529176,0.168005082570793,0.455725841167554,1,1,FALSE,FALSE,TRUE,TRUE,FALSE,FALSE
"Eubacterium limosum",0.61970233808545,-1.55061699379495,0.848474601945017,0.901593422483567,0.730372290066036,-1.71986280636737,0.51803088753266,0.183945815062624,1,1,FALSE,FALSE,TRUE,TRUE,FALSE,FALSE
"Christensenella sp. Marseille-P3954",-0.645350503636761,1.29235744567578,1.28056795382677,1.42147467577593,-0.503956468462478,0.909166703916358,0.640782897326333,0.414688373795541,1,1,FALSE,FALSE,TRUE,TRUE,FALSE,FALSE
"Christensenella minuta",-1.18872362747244,1.68121305863546,0.36074566587916,0.540815843014565,-3.29518477949125,3.10866088771401,0.0458989506417099,0.0529367242514433,1,1,FALSE,FALSE,TRUE,TRUE,FALSE,FALSE
"Cellulosilyticum sp. WCF-2",-0.218430336543888,0.22465684002745,0.0811507756972628,0.368113851365387,-2.69166048835755,0.610291732283818,1,1,1,1,FALSE,FALSE,TRUE,TRUE,FALSE,FALSE
"Faecalitalea cylindroides",-0.105873154170386,0.213402746743025,1.49088936384288,1.51759559014126,-0.0710134210747132,0.140618981848228,0.946795815535647,0.89496798245455,1,1,FALSE,FALSE,TRUE,TRUE,FALSE,FALSE
"Longicatena caecimuris",0.203164323712165,-0.404672209022077,1.12847628682979,1.16564411810879,0.180034198399429,-0.347166174251058,0.86587842991228,0.745962806582811,1,1,FALSE,FALSE,TRUE,TRUE,FALSE,FALSE
"Faecalibacillus intestinalis",-1.94289086270671,3.88743816381568,1.1552252442666,1.26871698246743,-1.68182860645515,3.06407040934796,0.167894307964376,0.0375092070347779,1,1,FALSE,FALSE,TRUE,TRUE,FALSE,FALSE
"Amedibacterium intestinale",-0.869291271005067,0.985992671535291,0.0811507756972628,0.405068210775832,-10.7120512839952,2.43413984436549,0.00860245520833733,0.135340968537741,1,1,FALSE,FALSE,TRUE,TRUE,FALSE,FALSE
"[Clostridium] innocuum",-0.0053412569799473,0.0123389523621491,0.659096814133148,0.735175670555983,-0.00810390350160043,0.0167836788625196,0.993922155530131,0.987412979521301,1,1,FALSE,FALSE,TRUE,TRUE,FALSE,FALSE
"Thomasclavelia ramosa",-0.479463255929971,0.960582950262197,0.127119253859879,0.83041258531786,-3.77175952006826,1.15675384410812,0.019574665584721,0.311750648951662,1,1,FALSE,FALSE,TRUE,TRUE,FALSE,FALSE
"Thomasclavelia spiroformis",NA,NA,NA,NA,NA,NA,1,1,1,1,FALSE,FALSE,TRUE,TRUE,FALSE,FALSE
"Catenibacterium mitsuokai",-1.32581463362511,1.9096980688899,0.365380858810155,0.461049735922504,-3.62858261908563,4.14206520489342,0.0360292995615371,0.0255534312375558,1,1,FALSE,FALSE,TRUE,TRUE,FALSE,FALSE
"Turicibacter bilis",-2.44038850406097,3.76732118628301,0.600853971316584,0.938451227179074,-4.06153345165319,4.014402749099,0.0269093706142013,0.0277460937812969,1,1,FALSE,FALSE,TRUE,TRUE,FALSE,FALSE
"Veillonella parvula",-0.140329965666682,0.282316369735619,0.613614745140915,0.659938995640567,-0.228693926894562,0.427791616498719,0.830323142116912,0.690828655570581,1,1,FALSE,FALSE,TRUE,TRUE,FALSE,FALSE
"Veillonella dispar",1.7468418667726,-2.79589291304083,0.0811507756972628,0.399400440484806,21.5258800888027,-7.00022491123715,0.0295533744423586,0.0903316070330879,1,1,FALSE,FALSE,TRUE,TRUE,FALSE,FALSE
"Veillonella atypica",-0.0540497661133909,-0.209910043629629,0.547571506261501,0.79548809350555,-0.0987081422158197,-0.263875783111472,0.927595781306928,0.808963679226337,1,1,FALSE,FALSE,TRUE,TRUE,FALSE,FALSE
"Veillonella rogosae",-0.399089992937142,0.799836424276539,0.554293196729409,1.14334238740639,-0.719997999780551,0.699559845840164,0.511352694802307,0.522747494395519,1,1,FALSE,FALSE,TRUE,TRUE,FALSE,FALSE
"Veillonella nakazawae",0.614388511873473,-1.09721288069214,0.0811507756972628,0.357241915487786,7.57095057434178,-3.07134418757658,0.0836032224184426,0.200386099628808,1,1,FALSE,FALSE,TRUE,TRUE,FALSE,FALSE
"Veillonella sp. S12025-13",0.719793682662892,-1.25532063687626,0.0811507756972628,0.379311994179588,8.86983120590394,-3.30946728850848,0.0714718070949221,0.186809968555052,1,1,FALSE,FALSE,TRUE,TRUE,FALSE,FALSE
"Dialister succinatiphilus",-1.93056004604276,2.40101770491888,0.0811507756972628,1.83723249715539,-23.7897916496179,1.30686655534147,0.00176225817071122,0.321316601251685,0.904038441574858,1,FALSE,FALSE,TRUE,TRUE,FALSE,FALSE
"Dialister hominis",-2.17960833390256,4.70943469579096,0.170355582623343,1.10738556593852,-12.7944637935446,4.2527506594324,0.00605338654148728,0.0510913613271925,1,1,FALSE,FALSE,TRUE,TRUE,FALSE,FALSE
"Megasphaera hexanoica",-0.137339512118266,0.10375315783194,0.0811507756972628,0.53009408152917,-1.69239925235734,0.195725931390597,0.339754102578535,0.876952525469739,1,1,FALSE,FALSE,TRUE,TRUE,FALSE,FALSE
"Megasphaera elsdenii",-0.411703951774748,0.515299817316664,0.0811507756972628,0.624013180061015,-5.07332121273408,0.825783547178088,0.123895585629786,0.560562959467172,1,1,FALSE,FALSE,TRUE,TRUE,FALSE,FALSE
"Acidaminococcus intestini",1.69076757357879,-3.37987870875532,1.53025047755306,1.79128890667421,1.10489596205348,-1.88684175744189,0.331192036723519,0.132231905889953,1,1,FALSE,FALSE,TRUE,TRUE,FALSE,FALSE
"Acidaminococcus fermentans",0.0535277988841976,0.532161046949685,0.729300892286791,0.787820413693187,0.0733960419496488,0.675485221885774,0.953358261195334,0.621795057563556,1,1,FALSE,FALSE,TRUE,TRUE,FALSE,FALSE
"Phascolarctobacterium faecium",0.318302496817426,-0.634948555232598,0.734154414437003,1.33103249194431,0.433563417392949,-0.477034602141903,0.686963579034276,0.658230767759886,1,1,FALSE,FALSE,TRUE,TRUE,FALSE,FALSE
"Phascolarctobacterium sp. Marseille-Q4147",0.95965891825477,-1.91766139810729,1.58398685102798,1.68418253831153,0.605850305911294,-1.13863037674635,0.577310973217025,0.318422551894649,1,1,FALSE,FALSE,TRUE,TRUE,FALSE,FALSE
"Phascolarctobacterium succinatutens",1.57904510094079,-3.15643376347932,2.79777189160926,2.85721289604079,0.564393796962671,-1.10472473642169,0.602631422304005,0.331258026664985,1,1,FALSE,FALSE,TRUE,TRUE,FALSE,FALSE
"Selenomonas sputigena",-0.344457844743095,0.61599626514747,0.558933327788485,0.63614243588289,-0.616277161546264,0.968330723437025,0.648393557792122,0.510241951698216,1,1,FALSE,FALSE,TRUE,TRUE,FALSE,FALSE
"Selenomonas ruminantium",-1.37058552069665,1.95362217069951,0.0811507756972628,0.348761138895998,-16.8893705441546,5.60160508961432,0.037649562002024,0.112464783493239,1,1,FALSE,FALSE,TRUE,TRUE,FALSE,FALSE
"Streptococcus thermophilus",0.115856653739811,-0.230056869077366,0.74976125713731,0.996959095724634,0.154524727220725,-0.230758583841548,0.884679383432183,0.828824568610191,1,1,FALSE,FALSE,TRUE,TRUE,FALSE,FALSE
"Streptococcus salivarius",-1.15677477049913,2.31520597940051,0.325832079263178,0.70313893944754,-3.55021756333817,3.29267211572663,0.0237939363453733,0.0301398241182537,1,1,FALSE,FALSE,TRUE,TRUE,FALSE,FALSE
"Streptococcus sp. LPB0220",-0.36679723149432,0.739915788239935,0.294616454686566,1.06274573163749,-1.24499913585799,0.696230308165872,0.301523222350271,0.536377702644518,1,1,FALSE,FALSE,TRUE,TRUE,FALSE,FALSE
"Streptococcus sp. HSISM1",-0.684695692460963,1.26974655651767,0.235615658538356,0.983369515052793,-2.90598552196607,1.29122017418804,0.0621989908453127,0.287121175714294,1,1,FALSE,FALSE,TRUE,TRUE,FALSE,FALSE
"Streptococcus sp. oral taxon 061",-0.698861002899897,0.784852163457943,0.0811507756972628,0.647691423162316,-8.61188321239263,1.21176865308166,0.073593822574006,0.439231260087251,1,1,FALSE,FALSE,TRUE,TRUE,FALSE,FALSE
"Streptococcus sanguinis",-0.744452176405517,1.49056079121329,0.120797444835029,0.903356395793108,-6.1628139355282,1.6500251707463,0.00351888078252091,0.174282635734155,1,1,FALSE,FALSE,TRUE,TRUE,FALSE,FALSE
"Streptococcus parasanguinis",-1.55085210919004,3.10336065678234,0.169901992672653,0.659682208614162,-9.12792183772701,4.70432674439072,0.000799262032919602,0.00927859635952343,0.414816995085273,1,FALSE,FALSE,TRUE,TRUE,FALSE,FALSE
"Streptococcus suis",-0.546376183749619,0.610633985764086,0.573404713127408,1.15590637452015,-0.952863084730553,0.52827287678691,0.410956024789354,0.633894489842989,1,1,FALSE,FALSE,TRUE,TRUE,FALSE,FALSE
"Streptococcus lutetiensis",-0.695427783139096,0.754174687713996,0.0811507756972628,0.483281091818052,-8.56957653409779,1.56053009414639,0.0133450265469476,0.259009070854011,1,1,FALSE,FALSE,TRUE,TRUE,FALSE,FALSE
"Streptococcus oralis",-2.05487734336752,2.56677410135189,0.0811507756972628,0.83355603636307,-25.3217215203628,3.07930599669233,0.00155596206266683,0.0912556901285483,0.799764500210751,1,FALSE,FALSE,TRUE,TRUE,FALSE,FALSE
"Streptococcus mitis",-1.68580341879379,2.07467553525359,0.0811507756972628,0.670615250498927,-20.773719096448,3.09368976281119,0.00230921908985374,0.0905205650789642,1,1,FALSE,FALSE,TRUE,TRUE,FALSE,FALSE
"Streptococcus vestibularis",-1.12242003725819,1.99928713117972,0.280410901638157,1.60182034975181,-4.0027689034236,1.24813443123599,0.0279577701919652,0.30052299629258,1,1,FALSE,FALSE,TRUE,TRUE,FALSE,FALSE
"Streptococcus ilei",-1.69305879137589,2.08434936536306,0.0811507756972628,0.678261318031643,-20.8631251744523,3.0730771606023,0.00228953758319276,0.0915766809490449,1,1,FALSE,FALSE,TRUE,TRUE,FALSE,FALSE
"Lactococcus garvieae",-1.14437920286043,1.92273234681822,0.089152730230324,0.565854164877505,-12.8361655319356,3.3979291240782,0.00601447187511522,0.0767697512643929,1,1,FALSE,FALSE,TRUE,TRUE,FALSE,FALSE
"Lactococcus lactis",0.477553725256709,-0.678263425064043,0.861606391825453,0.984938865167556,0.554259729021897,-0.688635050408594,0.635102959109771,0.562205680318935,1,1,FALSE,FALSE,TRUE,TRUE,FALSE,FALSE
"Lactococcus cremoris",-2.27573166244665,3.23796738078805,0.0811507756972628,0.401830799811872,-28.0432521179636,8.05803682122921,0.0226917383901555,0.0786024585498368,1,1,FALSE,FALSE,TRUE,TRUE,FALSE,FALSE
"Enterococcus faecium",0.470725743292365,-0.939795048182475,0.347200023525134,0.521868191351936,1.35577681854128,-1.80082837727256,0.246661817048815,0.146097494679588,1,1,FALSE,FALSE,TRUE,TRUE,FALSE,FALSE
"Enterococcus cecorum",-1.14613351396021,1.99961497155424,0.100382558510942,0.431478764246235,-11.4176559251105,4.63432997692815,0.00758374557683921,0.0435428437059996,1,1,FALSE,FALSE,TRUE,TRUE,FALSE,FALSE
"Enterococcus gallinarum",NA,NA,NA,NA,NA,NA,1,1,1,1,FALSE,FALSE,TRUE,TRUE,FALSE,FALSE
"Enterococcus hirae",-0.0546945039111484,-0.0935883570152027,0.0811507756972628,0.390109131734995,-0.673986211976446,-0.23990301534079,0.622450812510038,0.850105788957866,1,1,FALSE,FALSE,TRUE,TRUE,FALSE,FALSE
"Ligilactobacillus ruminis",-0.871804755473733,1.15301493863761,0.252752202932666,0.535026717773797,-3.44924691202784,2.15506048639068,0.0409591303458739,0.120133362464235,1,1,FALSE,FALSE,TRUE,TRUE,FALSE,FALSE
"Lactobacillus delbrueckii",NA,NA,NA,NA,NA,NA,1,1,1,1,FALSE,FALSE,TRUE,TRUE,FALSE,FALSE
"Lactobacillus iners",-0.368482309781622,0.28928412378053,0.0811507756972628,0.423458699877974,-4.54071210799346,0.683146016043339,0.137999724582171,0.618457993995677,1,1,FALSE,FALSE,TRUE,TRUE,FALSE,FALSE
"Lactobacillus crispatus",NA,NA,NA,NA,NA,NA,1,1,1,1,FALSE,FALSE,TRUE,TRUE,FALSE,FALSE
"Staphylococcus epidermidis",NA,NA,NA,NA,NA,NA,1,1,1,1,FALSE,FALSE,TRUE,TRUE,FALSE,FALSE
"Staphylococcus capitis",NA,NA,NA,NA,NA,NA,1,1,1,1,FALSE,FALSE,TRUE,TRUE,FALSE,FALSE
"Staphylococcus carnosus",NA,NA,NA,NA,NA,NA,1,1,1,1,FALSE,FALSE,TRUE,TRUE,FALSE,FALSE
"Gemella sanguinis",-0.80207861331956,1.46538475794867,0.330737458529201,0.868678493933287,-2.4251217775163,1.68691267043294,0.0937381135903165,0.190205406232704,1,1,FALSE,FALSE,TRUE,TRUE,FALSE,FALSE
"Peptoniphilus sp. SAHP1",-1.30996407891293,1.88328047770293,0.528126155876419,0.694217923528075,-2.4803999278147,2.71280877931232,0.0892383683346151,0.0729910601521404,1,1,FALSE,FALSE,TRUE,TRUE,FALSE,FALSE
"Parvimonas micra",-1.60642366988772,2.37737979599426,0.158920821644927,1.14086999947299,-10.1083272365462,2.08383058288188,0.00206224100795637,0.128531450177542,1,1,FALSE,FALSE,TRUE,TRUE,FALSE,FALSE
"Murdochiella vaginalis",-0.154138583760578,0.0450384821999201,0.473085787462819,0.563972380426412,-0.325815291529325,0.0798593756769917,0.799484426973532,0.949267608574634,1,1,FALSE,FALSE,TRUE,TRUE,FALSE,FALSE
"Collinsella aerofaciens",-0.460380769522958,0.922417977448172,0.669297374891379,0.717379235547593,-0.687856828360748,1.28581638795841,0.529354657340176,0.267895199891586,1,1,FALSE,FALSE,TRUE,TRUE,FALSE,FALSE
"Collinsella stercoris",0.686071062011726,-1.55535557306419,1.69976211151579,1.73313056152164,0.403627694348307,-0.897425507111616,0.713533841677168,0.43562582661741,1,1,FALSE,FALSE,TRUE,TRUE,FALSE,FALSE
"Olsenella uli",-0.0981205851180743,-0.116258463214792,0.0811507756972628,0.374345699754096,-1.20911456822198,-0.310564441614158,0.439916666859313,0.808300708910435,1,1,FALSE,FALSE,TRUE,TRUE,FALSE,FALSE
"Olsenella sp. oral taxon 807",0.312751087166208,-0.392664742860945,0.397216899070557,0.942482310495943,0.787355945575354,-0.416628236400873,0.488547629022477,0.70496495707874,1,1,FALSE,FALSE,TRUE,TRUE,FALSE,FALSE
"Parolsenella massiliensis",-0.400578365859819,0.608739372477686,0.223498736143643,0.390678788833628,-1.79230707417677,1.55815823606671,0.323987781164519,0.363240795492087,1,1,FALSE,FALSE,TRUE,TRUE,FALSE,FALSE
"Parolsenella catena",-0.230775397626497,0.575577345484919,0.419604134038539,0.660446487191124,-0.54998361290049,0.871497322868423,0.620629838293908,0.447617000207116,1,1,FALSE,FALSE,TRUE,TRUE,FALSE,FALSE
"Parafannyhessea umbonata",-0.280146587236492,0.267641118106803,0.14187351637036,0.344674561679477,-1.974622145159,0.776503832492548,0.187001164515568,0.518706488957671,1,1,FALSE,FALSE,TRUE,TRUE,FALSE,FALSE
"Lancefieldella parvula",-1.30165679587862,2.24436175362398,0.0811507756972628,0.368113851365387,-16.0399797130038,6.09692285497903,1,1,1,1,FALSE,FALSE,TRUE,TRUE,FALSE,FALSE
"Adlercreutzia equolifaciens",-0.723015198297267,0.905032343343498,1.27911591196191,1.48594596728264,-0.565246035590556,0.609061408200822,0.611418724855894,0.585508244636698,1,1,FALSE,FALSE,TRUE,TRUE,FALSE,FALSE
"Adlercreutzia hattorii",-0.809182462884506,1.0486444509889,0.934839420458339,1.06585166616315,-0.865584447099776,0.983855900665622,0.45039235371734,0.39773177872629,1,1,FALSE,FALSE,TRUE,TRUE,FALSE,FALSE
"Eggerthella lenta",-1.232700828751,2.46705809590424,0.61477397789539,1.34556034804034,-2.00512850750614,1.83348008099171,0.115438747866183,0.140658310521224,1,1,FALSE,FALSE,TRUE,TRUE,FALSE,FALSE
"Eggerthella sp. YY7918",0.246782777613644,-0.947400842139914,0.254712462327342,0.391388517549391,0.968868092902706,-2.42061481024506,0.434820202250767,0.136561019368758,1,1,FALSE,FALSE,TRUE,TRUE,FALSE,FALSE
"Gordonibacter pamelaeae",-1.28669651467151,1.84450120396724,0.109540812402495,1.40414349626579,-11.7462750773081,1.31361303803532,0.00132602987848656,0.280403778523754,0.684231417299067,1,FALSE,FALSE,TRUE,TRUE,FALSE,FALSE
"Gordonibacter urolithinfaciens",-0.108328255589737,0.357268718402997,0.940893879761725,1.49912554864104,-0.115133340666612,0.238318077313046,0.915613206348663,0.826985234166159,1,1,FALSE,FALSE,TRUE,TRUE,FALSE,FALSE
"Denitrobacterium detoxificans",NA,NA,NA,NA,NA,NA,1,1,1,1,FALSE,FALSE,TRUE,TRUE,FALSE,FALSE
"Bifidobacterium adolescentis",-1.07749540055135,2.15664723950495,1.3217889724668,1.40918746917836,-0.815179595983813,1.53041897311392,0.460722994170137,0.200659277322398,1,1,FALSE,FALSE,TRUE,TRUE,FALSE,FALSE
"Bifidobacterium longum",-0.543478393322924,1.0886132250481,0.401951741358815,1.07495936603843,-1.35209861633059,1.01270174430871,0.247736028376983,0.368482362270271,1,1,FALSE,FALSE,TRUE,TRUE,FALSE,FALSE
"Bifidobacterium catenulatum",-0.499112029058371,0.999880496518995,1.15221264754703,1.20285848239307,-0.433177009574528,0.831253643844905,0.687221977414859,0.452571091274147,1,1,FALSE,FALSE,TRUE,TRUE,FALSE,FALSE
"Bifidobacterium angulatum",-1.15394786797939,1.62325345948037,0.569532846942303,0.960808237881748,-2.026130493043,1.68946663390302,0.13584997484925,0.189711667229698,1,1,FALSE,FALSE,TRUE,TRUE,FALSE,FALSE
"Bifidobacterium pullorum",-0.227243773987235,-0.0580124082129998,0.807264992191468,0.85963751629683,-0.281498363220657,-0.0674847329405855,0.825313066406346,0.957102926242661,1,1,FALSE,FALSE,TRUE,TRUE,FALSE,FALSE
"Bifidobacterium pseudocatenulatum",-1.99441762164695,3.99049168169616,0.559823965800177,1.01152798268563,-3.56257992420217,3.94501363284217,0.023531567114927,0.0168885268264796,1,1,FALSE,FALSE,TRUE,TRUE,FALSE,FALSE
"Bifidobacterium breve",-0.677190672123134,1.35603778264852,0.487493119402696,0.795834426093474,-1.38912867724752,1.70391948147421,0.237128593786398,0.163601859537868,1,1,FALSE,FALSE,TRUE,TRUE,FALSE,FALSE
"Bifidobacterium dentium",0.273723994008968,-0.54579154961568,0.372061865560824,0.585795160805168,0.735694838266675,-0.931710580991309,0.502726198121932,0.404228824128654,1,1,FALSE,FALSE,TRUE,TRUE,FALSE,FALSE
"Bifidobacterium bifidum",0.511767953972052,-1.02187946954185,1.5725832635061,2.08569994191217,0.32543138786245,-0.48994558086097,0.761166037139755,0.649829362225453,1,1,FALSE,FALSE,TRUE,TRUE,FALSE,FALSE
"Gardnerella vaginalis",NA,NA,NA,NA,NA,NA,1,1,1,1,FALSE,FALSE,TRUE,TRUE,FALSE,FALSE
"Actinomyces pacaensis",0.354519725767726,-0.890859196764823,0.612957891307048,0.992207202044745,0.578375335068713,-0.897856007222016,0.603571160062684,0.435429181703174,1,1,FALSE,FALSE,TRUE,TRUE,FALSE,FALSE
"Actinomyces sp. oral taxon 414",-0.26598276794123,0.18158133411684,0.0811507756972628,1.08342860419414,-3.27763678973929,0.167598800155273,0.0818225164787976,0.882313306247388,1,1,FALSE,FALSE,TRUE,TRUE,FALSE,FALSE
"Actinomyces oris",-0.489413191319821,1.16786118007904,0.252831406869513,0.807680399065701,-1.93572941502639,1.44594468484067,0.19253775770818,0.285092440313617,1,1,FALSE,FALSE,TRUE,TRUE,FALSE,FALSE
"Trueperella pyogenes",-0.0819374330587627,-0.171564969905526,0.896643923409177,0.943200431842524,-0.0913823547113597,-0.181896619332942,0.941985316508483,0.885453369613113,1,1,FALSE,FALSE,TRUE,TRUE,FALSE,FALSE
"Schaalia odontolytica",-0.563009635606199,1.12767570961465,0.262377368685823,1.00652177537538,-2.14580105908586,1.12036891521209,0.098444415974255,0.325278005787326,1,1,FALSE,FALSE,TRUE,TRUE,FALSE,FALSE
"Schaalia cardiffensis",0.707761708978357,-1.62772725101704,0.0811507756972628,0.368113851365387,8.72156430911639,-4.42180386578654,1,1,1,1,FALSE,FALSE,TRUE,TRUE,FALSE,FALSE
"Schaalia turicensis",-0.13020211787311,0.223818858705849,0.0811507756972628,0.368113851365387,-1.60444699085608,0.608015313402832,1,1,1,1,FALSE,FALSE,TRUE,TRUE,FALSE,FALSE
"Fannyhessea vaginae",0.460059238685488,-0.638178328726411,0.246785244486357,0.499560180974568,1.86420885755559,-1.27748037780237,0.159164232233959,0.291326047111423,1,1,FALSE,FALSE,TRUE,TRUE,FALSE,FALSE
"Pauljensenia hongkongensis",-1.64326155943422,2.92757128073519,0.0811507756972628,0.368113851365387,-20.2494867771135,7.9528962843327,1,1,1,1,FALSE,FALSE,TRUE,TRUE,FALSE,FALSE
"Rothia mucilaginosa",-0.0201512414144136,0.0419589212310807,0.177081366346014,0.711461115147126,-0.113796509651041,0.0589757055414108,0.91488209159326,0.955800242451782,1,1,FALSE,FALSE,TRUE,TRUE,FALSE,FALSE
"Rothia dentocariosa",-0.174458704395518,0.35057384719329,0.474234551957911,0.690060023331872,-0.36787430117703,0.508033845375634,0.731606503078672,0.638164232499527,1,1,FALSE,FALSE,TRUE,TRUE,FALSE,FALSE
"Cutibacterium acnes",1.52296368920164,-3.04427094000102,0.892619553680014,0.930668702041631,1.70617334442529,-3.27105760978394,0.163170453293122,0.0307585100477977,1,1,FALSE,FALSE,TRUE,TRUE,FALSE,FALSE
"Vaginimicrobium propionicum",-0.367590571872306,0.698595766704243,0.0811507756972628,0.368113851365387,-4.52972345259671,1.89777093177301,1,1,1,1,FALSE,FALSE,TRUE,TRUE,FALSE,FALSE
"Corynebacterium kefirresidentii",NA,NA,NA,NA,NA,NA,1,1,1,1,FALSE,FALSE,TRUE,TRUE,FALSE,FALSE
"Streptomyces sp. T12",NA,NA,NA,NA,NA,NA,1,1,1,1,FALSE,FALSE,TRUE,TRUE,FALSE,FALSE
"Akkermansia muciniphila",1.39166038574114,-2.78166433308002,0.755004188685332,2.08219909403408,1.84324856285155,-1.33592620467949,0.139073558601938,0.252513841742977,1,1,FALSE,FALSE,TRUE,TRUE,FALSE,FALSE
"Oxalobacter aliiformigenes",0.535990341193463,-1.83200881321302,1.08930720786586,1.12124913518988,0.492046997690908,-1.63389986731429,0.671392021032863,0.243891258246097,1,1,FALSE,FALSE,TRUE,TRUE,FALSE,FALSE
"Sutterella wadsworthensis",-2.23723896885523,4.47613437611272,0.554109264208838,0.908805374858877,-4.03754117348965,4.9252947880153,0.0156357419059949,0.00789939136805035,1,1,FALSE,FALSE,TRUE,TRUE,FALSE,FALSE
"Turicimonas muris",0.727476669319404,-2.59980727704002,0.123533782666808,0.353590605543966,5.88888847742591,-7.35259148935947,0.107083764152069,0.0860563823560601,1,1,FALSE,FALSE,TRUE,TRUE,FALSE,FALSE
"Ralstonia pickettii",NA,NA,NA,NA,NA,NA,1,1,1,1,FALSE,FALSE,TRUE,TRUE,FALSE,FALSE
"Escherichia coli",0.339895278445801,-0.678134118489348,1.21071337542362,1.37268868906748,0.280739674100713,-0.494018872516557,0.792832451445122,0.647191707336636,1,1,FALSE,FALSE,TRUE,TRUE,FALSE,FALSE
"Leclercia adecarboxylata",NA,NA,NA,NA,NA,NA,1,1,1,1,FALSE,FALSE,TRUE,TRUE,FALSE,FALSE
"Pseudocitrobacter corydidari",NA,NA,NA,NA,NA,NA,1,1,1,1,FALSE,FALSE,TRUE,TRUE,FALSE,FALSE
"Pantoea agglomerans",NA,NA,NA,NA,NA,NA,1,1,1,1,FALSE,FALSE,TRUE,TRUE,FALSE,FALSE
"Kalamiella piersonii",NA,NA,NA,NA,NA,NA,1,1,1,1,FALSE,FALSE,TRUE,TRUE,FALSE,FALSE
"Hafnia paralvei",NA,NA,NA,NA,NA,NA,1,1,1,1,FALSE,FALSE,TRUE,TRUE,FALSE,FALSE
"Haemophilus parainfluenzae",-0.723130207841361,1.44791685408498,0.122889810199662,0.721161504172062,-5.88437891365015,2.00775671705781,0.0041690630204864,0.115093087984917,1,1,FALSE,FALSE,TRUE,TRUE,FALSE,FALSE
"Acinetobacter lwoffii",NA,NA,NA,NA,NA,NA,1,1,1,1,FALSE,FALSE,TRUE,TRUE,FALSE,FALSE
"Moraxella osloensis",NA,NA,NA,NA,NA,NA,1,1,1,1,FALSE,FALSE,TRUE,TRUE,FALSE,FALSE
"Aeromonas salmonicida",-0.0658263010340762,-0.160999454298029,0.283187723062819,0.408884287536918,-0.23244758043227,-0.393753096427048,0.837810983515004,0.731776908989983,1,1,FALSE,FALSE,TRUE,TRUE,FALSE,FALSE
"Agrobacterium tumefaciens",NA,NA,NA,NA,NA,NA,1,1,1,1,FALSE,FALSE,TRUE,TRUE,FALSE,FALSE
"Sphingobium sp. YG1",NA,NA,NA,NA,NA,NA,1,1,1,1,FALSE,FALSE,TRUE,TRUE,FALSE,FALSE
"Komagataeibacter oboediens",-1.08378779605805,1.50632000627813,0.271212770406139,0.413233333419392,-3.99607951511679,3.64520449938959,0.0280804244094263,0.0356116608431437,1,1,FALSE,FALSE,TRUE,TRUE,FALSE,FALSE
"Desulfovibrio piger",0.571344757481093,-1.25223424962043,0.100003483795075,1.33893395306557,5.71324853693975,-0.935247214213493,0.010638554761925,0.418653037557438,1,1,FALSE,FALSE,TRUE,TRUE,FALSE,FALSE
"Desulfovibrio fairfieldensis",NA,NA,NA,NA,NA,NA,1,1,1,1,FALSE,FALSE,TRUE,TRUE,FALSE,FALSE
"Treponema phagedenis",NA,NA,NA,NA,NA,NA,1,1,1,1,FALSE,FALSE,TRUE,TRUE,FALSE,FALSE
"Treponema peruense",-0.174162938937095,-0.105509409038435,0.21718675332639,0.390141547254001,-0.801904058464203,-0.270438792743453,0.506747026295512,0.812174318858189,1,1,FALSE,FALSE,TRUE,TRUE,FALSE,FALSE
"Cloacibacillus porcorum",-0.058095671537903,0.544335237712446,0.251378244000589,0.388870157647621,-0.231108590040779,1.39978660487931,0.838720886780165,0.296527694580678,1,1,FALSE,FALSE,TRUE,TRUE,FALSE,FALSE
"Pyramidobacter piscolens",NA,NA,NA,NA,NA,NA,1,1,1,1,FALSE,FALSE,TRUE,TRUE,FALSE,FALSE
"Fretibacterium fastidiosum",NA,NA,NA,NA,NA,NA,1,1,1,1,FALSE,FALSE,TRUE,TRUE,FALSE,FALSE
"Campylobacter jejuni",-0.404784200527892,0.811224839458038,1.13000299908017,1.5930041751634,-0.358215155939752,0.509242130124879,0.738286861053609,0.637389441288457,1,1,FALSE,FALSE,TRUE,TRUE,FALSE,FALSE
"Campylobacter gracilis",0.110800474742139,-0.580552787617539,0.0811507756972628,0.368113851365387,1.36536556539504,-1.57710117525919,1,1,1,1,FALSE,FALSE,TRUE,TRUE,FALSE,FALSE
"Campylobacter concisus",-0.00452251580084132,-0.168846339180664,0.0811507756972628,0.34941249261765,-0.0557297913911852,-0.483229256961418,0.964557974612311,0.71343119544142,1,1,FALSE,FALSE,TRUE,TRUE,FALSE,FALSE
"Homo sapiens",0.706769365187328,-1.4118822919724,0.775154925527604,1.22258709128981,0.911778203184699,-1.15483166968734,0.413465259235592,0.312452093991162,1,1,FALSE,FALSE,TRUE,TRUE,FALSE,FALSE
"Endlipuvirus intestinihominis",3.20486854277222,-6.86357237245706,0.172880531616426,0.350826001457898,18.5380534916618,-19.564035573004,0.00289721798836989,0.00260246668366836,1,1,FALSE,FALSE,TRUE,TRUE,FALSE,FALSE
"Jahgtovirus intestinalis",NA,NA,NA,NA,NA,NA,1,1,1,1,FALSE,FALSE,TRUE,TRUE,FALSE,FALSE
"Junduvirus communis",NA,NA,NA,NA,NA,NA,1,1,1,1,FALSE,FALSE,TRUE,TRUE,FALSE,FALSE
"Brigitvirus brigit",1.79968110838269,-5.81642059422989,0.155822799155558,0.362247950198807,11.5495365128569,-16.0564624065858,0.0549836815826898,0.0395976743955344,1,1,FALSE,FALSE,TRUE,TRUE,FALSE,FALSE
"Oengusvirus oengus",-0.032840794523332,-0.24525832961306,0.457649126400034,0.746769679133617,-0.0717597666615574,-0.328425666528939,0.947309293994283,0.764178453248365,1,1,FALSE,FALSE,TRUE,TRUE,FALSE,FALSE
"Taranisvirus taranis",-0.480931536215031,0.669211016063883,0.277173113254001,0.66343100881413,-1.73513054916804,1.00871229588753,0.224853290416879,0.41931094592738,1,1,FALSE,FALSE,TRUE,TRUE,FALSE,FALSE
"Toutatisvirus toutatis",NA,NA,NA,NA,NA,NA,1,1,1,1,FALSE,FALSE,TRUE,TRUE,FALSE,FALSE
"Prevotella bryantii",1.64118146087326,-2.08941566861916,0.0811507756972628,0.535249070429916,20.2238542610581,-3.90363250316516,0.0314530399034062,0.159650737513809,1,1,FALSE,FALSE,TRUE,TRUE,FALSE,FALSE
"Prevotella melaninogenica",3.84597487618854,-5.39660579159208,0.0811507756972628,0.351060360650542,47.3929527246438,-15.3723017363503,0.0134308010550871,0.0413551624683746,1,1,FALSE,FALSE,TRUE,TRUE,FALSE,FALSE
"Prevotella dentalis",0.176861078501995,0.10706490493774,0.0811507756972628,0.368650179838497,2.1794132832665,0.290424122360782,0.27386119099079,0.820060313702373,1,1,FALSE,FALSE,TRUE,TRUE,FALSE,FALSE
"Prevotella jejuni",0.479578908925385,-1.08250718580554,0.58417306734733,0.658013344690951,0.820953473776366,-1.64511433474645,0.562395522191222,0.347708498314904,1,1,FALSE,FALSE,TRUE,TRUE,FALSE,FALSE
"Prevotella sp. E2-28",NA,NA,NA,NA,NA,NA,1,1,1,1,FALSE,FALSE,TRUE,TRUE,FALSE,FALSE
"Bacteroides sp. M10",-0.638798846382541,1.08108017884308,0.794153089293616,1.2004361259518,-0.804377461971142,0.900572846377741,0.480017351142823,0.434190019094978,1,1,FALSE,FALSE,TRUE,TRUE,FALSE,FALSE
"Parabacteroides sp. CT06",0.134083443050763,-0.207056970212424,0.0856376431240836,0.594034637582505,1.56570683357649,-0.348560432528088,0.215390674276128,0.750446479983228,1,1,FALSE,FALSE,TRUE,TRUE,FALSE,FALSE
"Porphyromonas somerae",NA,NA,NA,NA,NA,NA,1,1,1,1,FALSE,FALSE,TRUE,TRUE,FALSE,FALSE
"Draconibacterium orientale",NA,NA,NA,NA,NA,NA,1,1,1,1,FALSE,FALSE,TRUE,TRUE,FALSE,FALSE
"Flavobacterium ammonificans",NA,NA,NA,NA,NA,NA,1,1,1,1,FALSE,FALSE,TRUE,TRUE,FALSE,FALSE
"Megamonas funiformis",-0.816897920592952,2.54643573021792,0.0811507756972628,0.368113851365387,-10.0664215908475,6.91752217628546,1,1,1,1,FALSE,FALSE,TRUE,TRUE,FALSE,FALSE
"Blautia pseudococcoides",0.275326324845708,-0.529875303567849,0.263461340828349,0.508840172539936,1.0450350096149,-1.0413393677683,0.405702089955393,0.407064016210255,1,1,FALSE,FALSE,TRUE,TRUE,FALSE,FALSE
"Anaerostipes caccae",-0.871414731742327,1.51829538975778,0.0811507756972628,1.04789877599714,-10.7382181409231,1.44889508847171,0.0591149254451519,0.384585603459365,1,1,FALSE,FALSE,TRUE,TRUE,FALSE,FALSE
"Clostridium chauvoei",NA,NA,NA,NA,NA,NA,1,1,1,1,FALSE,FALSE,TRUE,TRUE,FALSE,FALSE
"Clostridium septicum",NA,NA,NA,NA,NA,NA,1,1,1,1,FALSE,FALSE,TRUE,TRUE,FALSE,FALSE
"Peptacetobacter hiranonis",1.28450085083848,-1.97872827373783,0.0811507756972628,0.368113851365387,15.828571443733,-5.37531599639199,1,1,1,1,FALSE,FALSE,TRUE,TRUE,FALSE,FALSE
"Streptococcus gordonii",-1.48902825898392,2.49812919984539,0.354630016939715,1.21089009589843,-4.19882183644102,2.06305197169185,0.0246503838823357,0.131111771256248,1,1,FALSE,FALSE,TRUE,TRUE,FALSE,FALSE
"Streptococcus acidominimus",NA,NA,NA,NA,NA,NA,1,1,1,1,FALSE,FALSE,TRUE,TRUE,FALSE,FALSE
"Enterococcus faecalis",0.455078487513749,-0.889379628903932,0.467665375490098,0.701290835633785,0.973085696234924,-1.26820369483392,0.433149282238327,0.332370910847495,1,1,FALSE,FALSE,TRUE,TRUE,FALSE,FALSE
"Weissella viridescens",NA,NA,NA,NA,NA,NA,1,1,1,1,FALSE,FALSE,TRUE,TRUE,FALSE,FALSE
"Latilactobacillus sakei",NA,NA,NA,NA,NA,NA,1,1,1,1,FALSE,FALSE,TRUE,TRUE,FALSE,FALSE
"Leuconostoc carnosum",NA,NA,NA,NA,NA,NA,1,1,1,1,FALSE,FALSE,TRUE,TRUE,FALSE,FALSE
"Lacticaseibacillus rhamnosus",0.864926922825835,-1.13958041771255,0.0811507756972628,0.368113851365387,10.6582705512575,-3.09572816530995,1,1,1,1,FALSE,FALSE,TRUE,TRUE,FALSE,FALSE
"Olsenella timonensis",0.141667930939127,-0.0687742518467657,0.320579367844732,0.448761765462154,0.441912191328987,-0.153253367688174,0.735097558724829,0.903189105963696,1,1,FALSE,FALSE,TRUE,TRUE,FALSE,FALSE
"Bifidobacterium imperatoris",NA,NA,NA,NA,NA,NA,1,1,1,1,FALSE,FALSE,TRUE,TRUE,FALSE,FALSE
"Parascardovia denticolens",0.568083729311182,-0.545894030683241,0.0811507756972628,0.368113851365387,7.00034872655375,-1.48294889925615,1,1,1,1,FALSE,FALSE,TRUE,TRUE,FALSE,FALSE
"Cutibacterium granulosum",NA,NA,NA,NA,NA,NA,1,1,1,1,FALSE,FALSE,TRUE,TRUE,FALSE,FALSE
"Propionibacterium freudenreichii",NA,NA,NA,NA,NA,NA,1,1,1,1,FALSE,FALSE,TRUE,TRUE,FALSE,FALSE
"Propionibacterium acidifaciens",0.462751291967066,-0.395144417796332,0.0811507756972628,0.351578835372334,5.70236437040828,-1.12391412121796,0.110517591926898,0.462900168046432,1,1,FALSE,FALSE,TRUE,TRUE,FALSE,FALSE
"Rothia aeria",-0.143466042242302,0.307709430608171,0.508194261718858,0.656601935882176,-0.282305513952596,0.468639237553799,0.804242058083217,0.685443209104494,1,1,FALSE,FALSE,TRUE,TRUE,FALSE,FALSE
"Actinomyces naeslundii",0.0779857627836328,0.0393650485078187,0.0811507756972628,0.510940954001927,0.960998365247459,0.0770442224282344,0.43795670215839,0.945602171886359,1,1,FALSE,FALSE,TRUE,TRUE,FALSE,FALSE
"Actinomyces sp. oral taxon 171",0.255378196893049,-0.171894003195284,0.0811507756972628,0.729690246016871,3.14695940610291,-0.235571194946889,0.195872686435098,0.852715982891487,1,1,FALSE,FALSE,TRUE,TRUE,FALSE,FALSE
"Mycolicibacterium phlei",NA,NA,NA,NA,NA,NA,1,1,1,1,FALSE,FALSE,TRUE,TRUE,FALSE,FALSE
"Allomeiothermus silvanus",NA,NA,NA,NA,NA,NA,1,1,1,1,FALSE,FALSE,TRUE,TRUE,FALSE,FALSE
"Sutterella faecalis",5.03377919700724,-9.47728496607536,0.0811507756972628,0.368113851365387,62.0299578624611,-25.7455266378126,1,1,1,1,FALSE,FALSE,TRUE,TRUE,FALSE,FALSE
"Sutterella megalosphaeroides",NA,NA,NA,NA,NA,NA,1,1,1,1,FALSE,FALSE,TRUE,TRUE,FALSE,FALSE
"Massilia sp. LPB0304",NA,NA,NA,NA,NA,NA,1,1,1,1,FALSE,FALSE,TRUE,TRUE,FALSE,FALSE
"Massilia oculi",NA,NA,NA,NA,NA,NA,1,1,1,1,FALSE,FALSE,TRUE,TRUE,FALSE,FALSE
"Stenotrophomonas sp. LM091",NA,NA,NA,NA,NA,NA,1,1,1,1,FALSE,FALSE,TRUE,TRUE,FALSE,FALSE
"Paracoccus sp. AK26",NA,NA,NA,NA,NA,NA,1,1,1,1,FALSE,FALSE,TRUE,TRUE,FALSE,FALSE
"Methylobacterium mesophilicum",NA,NA,NA,NA,NA,NA,1,1,1,1,FALSE,FALSE,TRUE,TRUE,FALSE,FALSE
"Fusobacterium mortiferum",NA,NA,NA,NA,NA,NA,1,1,1,1,FALSE,FALSE,TRUE,TRUE,FALSE,FALSE
"Fusobacterium ulcerans",NA,NA,NA,NA,NA,NA,1,1,1,1,FALSE,FALSE,TRUE,TRUE,FALSE,FALSE
"Fusobacterium hominis",NA,NA,NA,NA,NA,NA,1,1,1,1,FALSE,FALSE,TRUE,TRUE,FALSE,FALSE
"Fusobacterium nucleatum",0.373035190371256,-0.15579695280339,0.0811507756972628,0.368113851365387,4.59681607681587,-0.423230346333116,1,1,1,1,FALSE,FALSE,TRUE,TRUE,FALSE,FALSE
"Candidatus Nanosynbacter sp. HMT-352",-0.396492366324404,0.677236045412854,0.129244689839397,0.494005404023023,-3.06776523520693,1.37090817205168,0.0546582445819399,0.263960508120042,1,1,FALSE,FALSE,TRUE,TRUE,FALSE,FALSE
"Buchavirus faecalis",NA,NA,NA,NA,NA,NA,1,1,1,1,FALSE,FALSE,TRUE,TRUE,FALSE,FALSE
"Buchavirus hiberniae",0.982078516384139,-1.37388360482916,0.0811507756972628,0.368113851365387,12.1018993095991,-3.73222469008766,1,1,1,1,FALSE,FALSE,TRUE,TRUE,FALSE,FALSE
"Buchavirus splanchnicus",0.282151037154226,0.0259713536306711,0.0811507756972628,0.368113851365387,3.47687418548906,0.0705525030757186,1,1,1,1,FALSE,FALSE,TRUE,TRUE,FALSE,FALSE
"Buorbuivirus hominis",NA,NA,NA,NA,NA,NA,1,1,1,1,FALSE,FALSE,TRUE,TRUE,FALSE,FALSE
"Aurodevirus hiberniae",NA,NA,NA,NA,NA,NA,1,1,1,1,FALSE,FALSE,TRUE,TRUE,FALSE,FALSE
"Culoivirus americanus",1.13663220797974,-1.33259178927887,0.0811507756972628,0.597907589775545,14.0064244391206,-2.22875877822379,0.0453749904335854,0.268498120841331,1,1,FALSE,FALSE,TRUE,TRUE,FALSE,FALSE
"Cohcovirus splanchnicus",0.0821213137845711,0.285484055636856,0.180964974386873,0.371347517596881,0.453796730902243,0.768778683332321,0.728795647576141,0.582752054626257,1,1,FALSE,FALSE,TRUE,TRUE,FALSE,FALSE
"Cohcovirus hiberniae",0.431939663983702,-0.763970994960534,0.31254347012378,0.443374212904894,1.38201468043033,-1.72308396096191,0.398764404056391,0.33476601162936,1,1,FALSE,FALSE,TRUE,TRUE,FALSE,FALSE
"Canhaevirus hiberniae",0.179577370402054,-0.00688411421559333,0.849538516375961,0.89901732573152,0.211382258650392,-0.00765737658058126,0.867382105706093,0.995125257940357,1,1,FALSE,FALSE,TRUE,TRUE,FALSE,FALSE
"Jahgtovirus secundus",-0.389884010480236,1.69240790999249,0.0811507756972628,0.368113851365387,-4.80443972507076,4.59751216563871,1,1,1,1,FALSE,FALSE,TRUE,TRUE,FALSE,FALSE
"Jahgtovirus intestinihominis",0.0422560765210129,0.828127735989988,0.0811507756972628,0.368113851365387,0.520710691400553,2.24965111450804,1,1,1,1,FALSE,FALSE,TRUE,TRUE,FALSE,FALSE
"Jahgtovirus gastrointestinalis",0.890021795087763,-0.867403701143513,0.0811507756972628,0.368113851365387,10.9675081653937,-2.35634627147603,1,1,1,1,FALSE,FALSE,TRUE,TRUE,FALSE,FALSE
"Kingevirus communis",-0.771538756893594,2.28009894679924,0.0811507756972628,0.368113851365387,-9.50747235949856,6.19400475788138,1,1,1,1,FALSE,FALSE,TRUE,TRUE,FALSE,FALSE
"Lebriduvirus gastrointestinalis",0.879301629468829,-0.845963369905644,0.0811507756972628,0.368113851365387,10.8354063397879,-2.29810252118426,1,1,1,1,FALSE,FALSE,TRUE,TRUE,FALSE,FALSE
"Phocaeicola coprocola",NA,NA,NA,NA,NA,NA,1,1,1,1,FALSE,FALSE,TRUE,TRUE,FALSE,FALSE
"Parabacteroides faecis",NA,NA,NA,NA,NA,NA,1,1,1,1,FALSE,FALSE,TRUE,TRUE,FALSE,FALSE
"Prevotella fusca",NA,NA,NA,NA,NA,NA,1,1,1,1,FALSE,FALSE,TRUE,TRUE,FALSE,FALSE
"Muribaculum intestinale",1.39925744008256,-3.17161515983716,0.0811507756972628,0.368113851365387,17.2426871839471,-8.61585389431335,1,1,1,1,FALSE,FALSE,TRUE,TRUE,FALSE,FALSE
"Duncaniella freteri",NA,NA,NA,NA,NA,NA,1,1,1,1,FALSE,FALSE,TRUE,TRUE,FALSE,FALSE
"Ornithobacterium rhinotracheale",NA,NA,NA,NA,NA,NA,1,1,1,1,FALSE,FALSE,TRUE,TRUE,FALSE,FALSE
"Ruminococcus albus",1.06253869720837,-2.49817767408877,0.0811507756972628,0.368113851365387,13.0933892877651,-6.78642671234097,1,1,1,1,FALSE,FALSE,TRUE,TRUE,FALSE,FALSE
"Novisyntrophococcus fermenticellae",0.8514239509691,-1.42046592530749,0.0811507756972628,0.477324476307308,10.4918769248169,-2.97589165403069,0.00896240203806894,0.0968007349328568,1,1,FALSE,FALSE,TRUE,TRUE,FALSE,FALSE
"Aminipila luticellarii",NA,NA,NA,NA,NA,NA,1,1,1,1,FALSE,FALSE,TRUE,TRUE,FALSE,FALSE
"Clostridium sp. MD294",NA,NA,NA,NA,NA,NA,1,1,1,1,FALSE,FALSE,TRUE,TRUE,FALSE,FALSE
"Romboutsia ilealis",-3.65208389842876,4.58421120722299,0.0811507756972628,0.774816895006677,-45.0036844016507,5.91650909623426,0.00049338092818065,0.0273986601716462,0.256558082653938,1,FALSE,FALSE,TRUE,TRUE,FALSE,FALSE
"Desulfosporosinus youngiae",NA,NA,NA,NA,NA,NA,1,1,1,1,FALSE,FALSE,TRUE,TRUE,FALSE,FALSE
"Streptococcus sp. A12",-1.37138566830456,1.54328023372407,0.0811507756972628,0.584908567803649,-16.8992305559788,2.63849825199028,0.00348331171957537,0.118621882822783,1,1,FALSE,FALSE,TRUE,TRUE,FALSE,FALSE
"Streptococcus sp. FDAARGOS_192",-1.32925518685338,1.48710625845582,0.0811507756972628,0.654245955609274,-16.3800675401088,2.27300795015376,0.00370637113363429,0.150926222808662,1,1,FALSE,FALSE,TRUE,TRUE,FALSE,FALSE
"Streptococcus australis",-0.71445516231423,0.66737289240362,0.0811507756972628,0.578821127817739,-8.80404600172329,1.1529864069056,0.0126569394656622,0.368108291043158,1,1,FALSE,FALSE,TRUE,TRUE,FALSE,FALSE
"Streptococcus pasteurianus",NA,NA,NA,NA,NA,NA,1,1,1,1,FALSE,FALSE,TRUE,TRUE,FALSE,FALSE
"Limosilactobacillus mucosae",1.85605406958959,-3.21577789659212,0.0811507756972628,0.354057527776422,22.8716737904478,-9.0826423513379,0.0278167038456732,0.0698107357813441,1,1,FALSE,FALSE,TRUE,TRUE,FALSE,FALSE
"Limosilactobacillus frumenti",NA,NA,NA,NA,NA,NA,1,1,1,1,FALSE,FALSE,TRUE,TRUE,FALSE,FALSE
"Ligilactobacillus saerimneri",NA,NA,NA,NA,NA,NA,1,1,1,1,FALSE,FALSE,TRUE,TRUE,FALSE,FALSE
"Levilactobacillus brevis",-0.0342183017614712,-0.480282132169048,0.0811507756972628,0.368113851365387,-0.421663273917731,-1.30471083983287,1,1,1,1,FALSE,FALSE,TRUE,TRUE,FALSE,FALSE
"Granulicatella adiacens",-2.37452969234247,2.88080559910793,0.0811507756972628,0.772692800932339,-29.2607146627997,3.72826768365374,0.00116592360091978,0.0650060547623642,0.603948425276446,1,FALSE,FALSE,TRUE,TRUE,FALSE,FALSE
"Bifidobacterium animalis",NA,NA,NA,NA,NA,NA,1,1,1,1,FALSE,FALSE,TRUE,TRUE,FALSE,FALSE
"Arachnia propionica",-0.844395585585567,0.834896586170614,0.0811507756972628,0.968336188048252,-10.4052681977512,0.86219703081985,0.0609951197614976,0.547024285610932,1,1,FALSE,FALSE,TRUE,TRUE,FALSE,FALSE
"Arachnia rubra",-1.94672411598073,3.19798149119653,0.0811507756972628,0.368113851365387,-23.9889772987887,8.6874793744782,1,1,1,1,FALSE,FALSE,TRUE,TRUE,FALSE,FALSE
"Thermophilibacter immobilis",-0.115477766510359,-0.142144746651317,0.0811507756972628,0.368113851365387,-1.42300262096267,-0.38614343395143,1,1,1,1,FALSE,FALSE,TRUE,TRUE,FALSE,FALSE
"Haemophilus pittmaniae",-2.31011233943708,2.79491579523409,0.0811507756972628,0.406741873491853,-28.4669162997908,6.87147298418015,0.00123173185309427,0.0205288412051172,0.636805368049737,1,FALSE,FALSE,TRUE,TRUE,FALSE,FALSE
"Aggregatibacter aphrophilus",-0.596961575234285,0.624928801190137,0.0811507756972628,0.544429246122168,-7.35620294575225,1.14786045320186,0.0860146462283516,0.456243613459115,1,1,FALSE,FALSE,TRUE,TRUE,FALSE,FALSE
"Lautropia mirabilis",-0.289631113644466,0.0305434915969427,0.0811507756972628,0.368113851365387,-3.56904923158037,0.0829729484061859,1,1,1,1,FALSE,FALSE,TRUE,TRUE,FALSE,FALSE
"Desulfovibrio desulfuricans",NA,NA,NA,NA,NA,NA,1,1,1,1,FALSE,FALSE,TRUE,TRUE,FALSE,FALSE
"Desulfovibrio sp. G11",NA,NA,NA,NA,NA,NA,1,1,1,1,FALSE,FALSE,TRUE,TRUE,FALSE,FALSE
"Treponema denticola",NA,NA,NA,NA,NA,NA,1,1,1,1,FALSE,FALSE,TRUE,TRUE,FALSE,FALSE
"Campylobacter coli",NA,NA,NA,NA,NA,NA,1,1,1,1,FALSE,FALSE,TRUE,TRUE,FALSE,FALSE
"Methanobrevibacter smithii",0.614929232376922,-1.10513963385125,0.0811507756972628,1.38011142786927,7.57761373312004,-0.800761164305012,0.016973332281088,0.507279261707051,1,1,FALSE,FALSE,TRUE,TRUE,FALSE,FALSE
"Methanosphaera stadtmanae",NA,NA,NA,NA,NA,NA,1,1,1,1,FALSE,FALSE,TRUE,TRUE,FALSE,FALSE
"Diorhovirus intestinalis",-0.191279724351818,0.00945916903160295,0.0811507756972628,0.368113851365387,-2.35709052326742,0.0256963137804175,1,1,1,1,FALSE,FALSE,TRUE,TRUE,FALSE,FALSE
"Dabirmavirus hominis",NA,NA,NA,NA,NA,NA,1,1,1,1,FALSE,FALSE,TRUE,TRUE,FALSE,FALSE
"Fohxhuevirus gastrointestinalis",-1.07393907260139,1.59915940951079,0.0811507756972628,0.368113851365387,-13.2338731623192,4.34419787133594,1,1,1,1,FALSE,FALSE,TRUE,TRUE,FALSE,FALSE
"Afonbuvirus intestinihominis",1.14432710553864,-2.9841209518422,0.0811507756972628,0.368113851365387,14.1012466696266,-8.10651634208729,1,1,1,1,FALSE,FALSE,TRUE,TRUE,FALSE,FALSE
"Afonbuvirus faecalis",NA,NA,NA,NA,NA,NA,1,1,1,1,FALSE,FALSE,TRUE,TRUE,FALSE,FALSE
"Afonbuvirus coli",NA,NA,NA,NA,NA,NA,1,1,1,1,FALSE,FALSE,TRUE,TRUE,FALSE,FALSE
"Besingivirus coli",NA,NA,NA,NA,NA,NA,1,1,1,1,FALSE,FALSE,TRUE,TRUE,FALSE,FALSE
"Junduvirus copri",NA,NA,NA,NA,NA,NA,1,1,1,1,FALSE,FALSE,TRUE,TRUE,FALSE,FALSE
"Kahucivirus intestinalis",NA,NA,NA,NA,NA,NA,1,1,1,1,FALSE,FALSE,TRUE,TRUE,FALSE,FALSE
"Lughvirus lugh",-1.61394089188283,2.85478150409363,0.0811507756972628,0.368113851365387,-19.8881757816305,7.75515915389989,1,1,1,1,FALSE,FALSE,TRUE,TRUE,FALSE,FALSE
"Pseudobutyrivibrio xylanivorans",NA,NA,NA,NA,NA,NA,1,1,1,1,FALSE,FALSE,TRUE,TRUE,FALSE,FALSE
"Lachnoanaerobaculum umeaense",NA,NA,NA,NA,NA,NA,1,1,1,1,FALSE,FALSE,TRUE,TRUE,FALSE,FALSE
"Romboutsia sp. CE17",NA,NA,NA,NA,NA,NA,1,1,1,1,FALSE,FALSE,TRUE,TRUE,FALSE,FALSE
"Paeniclostridium sordellii",NA,NA,NA,NA,NA,NA,1,1,1,1,FALSE,FALSE,TRUE,TRUE,FALSE,FALSE
"Mogibacterium diversum",NA,NA,NA,NA,NA,NA,1,1,1,1,FALSE,FALSE,TRUE,TRUE,FALSE,FALSE
"Mogibacterium pumilum",NA,NA,NA,NA,NA,NA,1,1,1,1,FALSE,FALSE,TRUE,TRUE,FALSE,FALSE
"Streptococcus sp. Marseille-Q3533",NA,NA,NA,NA,NA,NA,1,1,1,1,FALSE,FALSE,TRUE,TRUE,FALSE,FALSE
"Streptococcus sp. HSISS3",NA,NA,NA,NA,NA,NA,1,1,1,1,FALSE,FALSE,TRUE,TRUE,FALSE,FALSE
"Streptococcus sp. oral taxon 431",NA,NA,NA,NA,NA,NA,1,1,1,1,FALSE,FALSE,TRUE,TRUE,FALSE,FALSE
"Streptococcus sp. Marseille-Q6470",NA,NA,NA,NA,NA,NA,1,1,1,1,FALSE,FALSE,TRUE,TRUE,FALSE,FALSE
"Streptococcus sp. HSISS2",NA,NA,NA,NA,NA,NA,1,1,1,1,FALSE,FALSE,TRUE,TRUE,FALSE,FALSE
"Streptococcus sp. NPS 308",NA,NA,NA,NA,NA,NA,1,1,1,1,FALSE,FALSE,TRUE,TRUE,FALSE,FALSE
"Streptococcus sp. 116-D4",NA,NA,NA,NA,NA,NA,1,1,1,1,FALSE,FALSE,TRUE,TRUE,FALSE,FALSE
"Streptococcus sp. oral taxon 064",NA,NA,NA,NA,NA,NA,1,1,1,1,FALSE,FALSE,TRUE,TRUE,FALSE,FALSE
"Streptococcus sp. 1643",NA,NA,NA,NA,NA,NA,1,1,1,1,FALSE,FALSE,TRUE,TRUE,FALSE,FALSE
"Streptococcus cristatus",NA,NA,NA,NA,NA,NA,1,1,1,1,FALSE,FALSE,TRUE,TRUE,FALSE,FALSE
"Streptococcus anginosus",NA,NA,NA,NA,NA,NA,1,1,1,1,FALSE,FALSE,TRUE,TRUE,FALSE,FALSE
"Streptococcus intermedius",NA,NA,NA,NA,NA,NA,1,1,1,1,FALSE,FALSE,TRUE,TRUE,FALSE,FALSE
"Streptococcus constellatus",NA,NA,NA,NA,NA,NA,1,1,1,1,FALSE,FALSE,TRUE,TRUE,FALSE,FALSE
"Streptococcus infantis",NA,NA,NA,NA,NA,NA,1,1,1,1,FALSE,FALSE,TRUE,TRUE,FALSE,FALSE
"Streptococcus pneumoniae",NA,NA,NA,NA,NA,NA,1,1,1,1,FALSE,FALSE,TRUE,TRUE,FALSE,FALSE
"Streptococcus mutans",NA,NA,NA,NA,NA,NA,1,1,1,1,FALSE,FALSE,TRUE,TRUE,FALSE,FALSE
"Streptococcus rubneri",NA,NA,NA,NA,NA,NA,1,1,1,1,FALSE,FALSE,TRUE,TRUE,FALSE,FALSE
"Streptococcus lactarius",NA,NA,NA,NA,NA,NA,1,1,1,1,FALSE,FALSE,TRUE,TRUE,FALSE,FALSE
"Streptococcus koreensis",NA,NA,NA,NA,NA,NA,1,1,1,1,FALSE,FALSE,TRUE,TRUE,FALSE,FALSE
"Streptococcus gwangjuense",NA,NA,NA,NA,NA,NA,1,1,1,1,FALSE,FALSE,TRUE,TRUE,FALSE,FALSE
"Streptococcus parasuis",NA,NA,NA,NA,NA,NA,1,1,1,1,FALSE,FALSE,TRUE,TRUE,FALSE,FALSE
"Streptococcus toyakuensis",NA,NA,NA,NA,NA,NA,1,1,1,1,FALSE,FALSE,TRUE,TRUE,FALSE,FALSE
"Streptococcus periodonticum",NA,NA,NA,NA,NA,NA,1,1,1,1,FALSE,FALSE,TRUE,TRUE,FALSE,FALSE
"Streptococcus equinus",NA,NA,NA,NA,NA,NA,1,1,1,1,FALSE,FALSE,TRUE,TRUE,FALSE,FALSE
"Lactococcus raffinolactis",NA,NA,NA,NA,NA,NA,1,1,1,1,FALSE,FALSE,TRUE,TRUE,FALSE,FALSE
"Enterococcus saigonensis",NA,NA,NA,NA,NA,NA,1,1,1,1,FALSE,FALSE,TRUE,TRUE,FALSE,FALSE
"Enterococcus durans",NA,NA,NA,NA,NA,NA,1,1,1,1,FALSE,FALSE,TRUE,TRUE,FALSE,FALSE
"Leuconostoc gelidum",NA,NA,NA,NA,NA,NA,1,1,1,1,FALSE,FALSE,TRUE,TRUE,FALSE,FALSE
"Leuconostoc mesenteroides",NA,NA,NA,NA,NA,NA,1,1,1,1,FALSE,FALSE,TRUE,TRUE,FALSE,FALSE
"Leuconostoc lactis",NA,NA,NA,NA,NA,NA,1,1,1,1,FALSE,FALSE,TRUE,TRUE,FALSE,FALSE
"Weissella confusa",NA,NA,NA,NA,NA,NA,1,1,1,1,FALSE,FALSE,TRUE,TRUE,FALSE,FALSE
"Weissella cibaria",NA,NA,NA,NA,NA,NA,1,1,1,1,FALSE,FALSE,TRUE,TRUE,FALSE,FALSE
"Limosilactobacillus fermentum",NA,NA,NA,NA,NA,NA,1,1,1,1,FALSE,FALSE,TRUE,TRUE,FALSE,FALSE
"Lactobacillus jensenii",NA,NA,NA,NA,NA,NA,1,1,1,1,FALSE,FALSE,TRUE,TRUE,FALSE,FALSE
"Lactiplantibacillus plantarum",NA,NA,NA,NA,NA,NA,1,1,1,1,FALSE,FALSE,TRUE,TRUE,FALSE,FALSE
"Lacticaseibacillus paracasei",NA,NA,NA,NA,NA,NA,1,1,1,1,FALSE,FALSE,TRUE,TRUE,FALSE,FALSE
"Fructilactobacillus sanfranciscensis",NA,NA,NA,NA,NA,NA,1,1,1,1,FALSE,FALSE,TRUE,TRUE,FALSE,FALSE
"Companilactobacillus paralimentarius",NA,NA,NA,NA,NA,NA,1,1,1,1,FALSE,FALSE,TRUE,TRUE,FALSE,FALSE
"Granulicatella elegans",NA,NA,NA,NA,NA,NA,1,1,1,1,FALSE,FALSE,TRUE,TRUE,FALSE,FALSE
"Abiotrophia defectiva",NA,NA,NA,NA,NA,NA,1,1,1,1,FALSE,FALSE,TRUE,TRUE,FALSE,FALSE
"Gemella haemolysans",NA,NA,NA,NA,NA,NA,1,1,1,1,FALSE,FALSE,TRUE,TRUE,FALSE,FALSE
"Gemella morbillorum",NA,NA,NA,NA,NA,NA,1,1,1,1,FALSE,FALSE,TRUE,TRUE,FALSE,FALSE
"Staphylococcus aureus",NA,NA,NA,NA,NA,NA,1,1,1,1,FALSE,FALSE,TRUE,TRUE,FALSE,FALSE
"Intestinibaculum porci",NA,NA,NA,NA,NA,NA,1,1,1,1,FALSE,FALSE,TRUE,TRUE,FALSE,FALSE
"Turicibacter sanguinis",NA,NA,NA,NA,NA,NA,1,1,1,1,FALSE,FALSE,TRUE,TRUE,FALSE,FALSE
"Turicibacter sp. H121",NA,NA,NA,NA,NA,NA,1,1,1,1,FALSE,FALSE,TRUE,TRUE,FALSE,FALSE
"Turicibacter sp. TJ11",NA,NA,NA,NA,NA,NA,1,1,1,1,FALSE,FALSE,TRUE,TRUE,FALSE,FALSE
"Dialister pneumosintes",NA,NA,NA,NA,NA,NA,1,1,1,1,FALSE,FALSE,TRUE,TRUE,FALSE,FALSE
"Finegoldia magna",NA,NA,NA,NA,NA,NA,1,1,1,1,FALSE,FALSE,TRUE,TRUE,FALSE,FALSE
"Scardovia inopinata",NA,NA,NA,NA,NA,NA,1,1,1,1,FALSE,FALSE,TRUE,TRUE,FALSE,FALSE
"Actinomyces sp. oral taxon 897",NA,NA,NA,NA,NA,NA,1,1,1,1,FALSE,FALSE,TRUE,TRUE,FALSE,FALSE
"Actinomyces sp. HMT897",NA,NA,NA,NA,NA,NA,1,1,1,1,FALSE,FALSE,TRUE,TRUE,FALSE,FALSE
"Actinomyces sp. HMT 175",NA,NA,NA,NA,NA,NA,1,1,1,1,FALSE,FALSE,TRUE,TRUE,FALSE,FALSE
"Actinomyces sp. oral taxon 169",NA,NA,NA,NA,NA,NA,1,1,1,1,FALSE,FALSE,TRUE,TRUE,FALSE,FALSE
"Schaalia meyeri",NA,NA,NA,NA,NA,NA,1,1,1,1,FALSE,FALSE,TRUE,TRUE,FALSE,FALSE
"Rothia kristinae",NA,NA,NA,NA,NA,NA,1,1,1,1,FALSE,FALSE,TRUE,TRUE,FALSE,FALSE
"Corynebacterium argentoratense",NA,NA,NA,NA,NA,NA,1,1,1,1,FALSE,FALSE,TRUE,TRUE,FALSE,FALSE
"Corynebacterium provencense",NA,NA,NA,NA,NA,NA,1,1,1,1,FALSE,FALSE,TRUE,TRUE,FALSE,FALSE
"Corynebacterium riegelii",NA,NA,NA,NA,NA,NA,1,1,1,1,FALSE,FALSE,TRUE,TRUE,FALSE,FALSE
"Corynebacterium matruchotii",NA,NA,NA,NA,NA,NA,1,1,1,1,FALSE,FALSE,TRUE,TRUE,FALSE,FALSE
"Corynebacterium coyleae",NA,NA,NA,NA,NA,NA,1,1,1,1,FALSE,FALSE,TRUE,TRUE,FALSE,FALSE
"Corynebacterium aurimucosum",NA,NA,NA,NA,NA,NA,1,1,1,1,FALSE,FALSE,TRUE,TRUE,FALSE,FALSE
"Corynebacterium imitans",NA,NA,NA,NA,NA,NA,1,1,1,1,FALSE,FALSE,TRUE,TRUE,FALSE,FALSE
"Eggerthella guodeyinii",NA,NA,NA,NA,NA,NA,1,1,1,1,FALSE,FALSE,TRUE,TRUE,FALSE,FALSE
"Cryptobacterium curtum",NA,NA,NA,NA,NA,NA,1,1,1,1,FALSE,FALSE,TRUE,TRUE,FALSE,FALSE
"Weeksella virosa",NA,NA,NA,NA,NA,NA,1,1,1,1,FALSE,FALSE,TRUE,TRUE,FALSE,FALSE
"Sediminibacterium sp. TEGAF015",NA,NA,NA,NA,NA,NA,1,1,1,1,FALSE,FALSE,TRUE,TRUE,FALSE,FALSE
"Raoultella planticola",NA,NA,NA,NA,NA,NA,1,1,1,1,FALSE,FALSE,TRUE,TRUE,FALSE,FALSE
"Haemophilus influenzae",NA,NA,NA,NA,NA,NA,1,1,1,1,FALSE,FALSE,TRUE,TRUE,FALSE,FALSE
"Aggregatibacter segnis",NA,NA,NA,NA,NA,NA,1,1,1,1,FALSE,FALSE,TRUE,TRUE,FALSE,FALSE
"Cardiobacterium hominis",NA,NA,NA,NA,NA,NA,1,1,1,1,FALSE,FALSE,TRUE,TRUE,FALSE,FALSE
"Cardiobacterium sp. Marseille-Q4385",NA,NA,NA,NA,NA,NA,1,1,1,1,FALSE,FALSE,TRUE,TRUE,FALSE,FALSE
"Variovorax paradoxus",NA,NA,NA,NA,NA,NA,1,1,1,1,FALSE,FALSE,TRUE,TRUE,FALSE,FALSE
"Oligella urethralis",NA,NA,NA,NA,NA,NA,1,1,1,1,FALSE,FALSE,TRUE,TRUE,FALSE,FALSE
"Candidatus Nanosynbacter featherlites",NA,NA,NA,NA,NA,NA,1,1,1,1,FALSE,FALSE,TRUE,TRUE,FALSE,FALSE
"Candidatus Nanosynbacter lyticus",NA,NA,NA,NA,NA,NA,1,1,1,1,FALSE,FALSE,TRUE,TRUE,FALSE,FALSE
"Carjivirus communis",NA,NA,NA,NA,NA,NA,1,1,1,1,FALSE,FALSE,TRUE,TRUE,FALSE,FALSE
"Carjivirus hominis",NA,NA,NA,NA,NA,NA,1,1,1,1,FALSE,FALSE,TRUE,TRUE,FALSE,FALSE
"Buchavirus coli",NA,NA,NA,NA,NA,NA,1,1,1,1,FALSE,FALSE,TRUE,TRUE,FALSE,FALSE
"Buchavirus hominis",NA,NA,NA,NA,NA,NA,1,1,1,1,FALSE,FALSE,TRUE,TRUE,FALSE,FALSE
"Buchavirus oralis",NA,NA,NA,NA,NA,NA,1,1,1,1,FALSE,FALSE,TRUE,TRUE,FALSE,FALSE
"Buchavirus intestinalis",NA,NA,NA,NA,NA,NA,1,1,1,1,FALSE,FALSE,TRUE,TRUE,FALSE,FALSE
"Burzaovirus coli",NA,NA,NA,NA,NA,NA,1,1,1,1,FALSE,FALSE,TRUE,TRUE,FALSE,FALSE
"Streptococcus phage YMC-2011",NA,NA,NA,NA,NA,NA,1,1,1,1,FALSE,FALSE,TRUE,TRUE,FALSE,FALSE
"Prevotella oris",NA,NA,NA,NA,NA,NA,1,1,1,1,FALSE,FALSE,TRUE,TRUE,FALSE,FALSE
"Emergencia timonensis",NA,NA,NA,NA,NA,NA,1,1,1,1,FALSE,FALSE,TRUE,TRUE,FALSE,FALSE
"Dialister massiliensis",NA,NA,NA,NA,NA,NA,1,1,1,1,FALSE,FALSE,TRUE,TRUE,FALSE,FALSE
"Megasphaera massiliensis",NA,NA,NA,NA,NA,NA,1,1,1,1,FALSE,FALSE,TRUE,TRUE,FALSE,FALSE
"Streptococcus agalactiae",NA,NA,NA,NA,NA,NA,1,1,1,1,FALSE,FALSE,TRUE,TRUE,FALSE,FALSE
"Streptococcus canis",NA,NA,NA,NA,NA,NA,1,1,1,1,FALSE,FALSE,TRUE,TRUE,FALSE,FALSE
"Bifidobacterium thermophilum",NA,NA,NA,NA,NA,NA,1,1,1,1,FALSE,FALSE,TRUE,TRUE,FALSE,FALSE
"Raoultibacter timonensis",NA,NA,NA,NA,NA,NA,1,1,1,1,FALSE,FALSE,TRUE,TRUE,FALSE,FALSE
"Phoenicibacter congonensis",NA,NA,NA,NA,NA,NA,1,1,1,1,FALSE,FALSE,TRUE,TRUE,FALSE,FALSE
"Salmonella enterica",NA,NA,NA,NA,NA,NA,1,1,1,1,FALSE,FALSE,TRUE,TRUE,FALSE,FALSE
"Pseudomonas aeruginosa",NA,NA,NA,NA,NA,NA,1,1,1,1,FALSE,FALSE,TRUE,TRUE,FALSE,FALSE
"Methanobrevibacter sp. TLL-48-HuF1",NA,NA,NA,NA,NA,NA,1,1,1,1,FALSE,FALSE,TRUE,TRUE,FALSE,FALSE
"Culoivirus intestinalis",NA,NA,NA,NA,NA,NA,1,1,1,1,FALSE,FALSE,TRUE,TRUE,FALSE,FALSE
"Culoivirus faecalis",NA,NA,NA,NA,NA,NA,1,1,1,1,FALSE,FALSE,TRUE,TRUE,FALSE,FALSE
"Canhaevirus faecalis",NA,NA,NA,NA,NA,NA,1,1,1,1,FALSE,FALSE,TRUE,TRUE,FALSE,FALSE
"Kahnovirus copri",NA,NA,NA,NA,NA,NA,1,1,1,1,FALSE,FALSE,TRUE,TRUE,FALSE,FALSE
"Parabacteroides phage YZ-2015b",NA,NA,NA,NA,NA,NA,1,1,1,1,FALSE,FALSE,TRUE,TRUE,FALSE,FALSE
"Bacteroides coprosuis",NA,NA,NA,NA,NA,NA,1,1,1,1,FALSE,FALSE,TRUE,TRUE,FALSE,FALSE
"Ethanoligenens harbinense",NA,NA,NA,NA,NA,NA,1,1,1,1,FALSE,FALSE,TRUE,TRUE,FALSE,FALSE
"Caproicibacterium lactatifermentans",NA,NA,NA,NA,NA,NA,1,1,1,1,FALSE,FALSE,TRUE,TRUE,FALSE,FALSE
"Romboutsia hominis",NA,NA,NA,NA,NA,NA,1,1,1,1,FALSE,FALSE,TRUE,TRUE,FALSE,FALSE
"Terrisporobacter hibernicus",NA,NA,NA,NA,NA,NA,1,1,1,1,FALSE,FALSE,TRUE,TRUE,FALSE,FALSE
"Clostridium bornimense",NA,NA,NA,NA,NA,NA,1,1,1,1,FALSE,FALSE,TRUE,TRUE,FALSE,FALSE
"Streptococcus sp. KS 6",NA,NA,NA,NA,NA,NA,1,1,1,1,FALSE,FALSE,TRUE,TRUE,FALSE,FALSE
"Ligilactobacillus salivarius",NA,NA,NA,NA,NA,NA,1,1,1,1,FALSE,FALSE,TRUE,TRUE,FALSE,FALSE
"Virgibacillus halodenitrificans",NA,NA,NA,NA,NA,NA,1,1,1,1,FALSE,FALSE,TRUE,TRUE,FALSE,FALSE
"Klebsiella variicola",NA,NA,NA,NA,NA,NA,1,1,1,1,FALSE,FALSE,TRUE,TRUE,FALSE,FALSE
"Klebsiella pneumoniae",NA,NA,NA,NA,NA,NA,1,1,1,1,FALSE,FALSE,TRUE,TRUE,FALSE,FALSE
"Klebsiella grimontii",NA,NA,NA,NA,NA,NA,1,1,1,1,FALSE,FALSE,TRUE,TRUE,FALSE,FALSE
"Klebsiella aerogenes",NA,NA,NA,NA,NA,NA,1,1,1,1,FALSE,FALSE,TRUE,TRUE,FALSE,FALSE
"Klebsiella michiganensis",NA,NA,NA,NA,NA,NA,1,1,1,1,FALSE,FALSE,TRUE,TRUE,FALSE,FALSE
"Escherichia albertii",NA,NA,NA,NA,NA,NA,1,1,1,1,FALSE,FALSE,TRUE,TRUE,FALSE,FALSE
"Enterobacter cloacae",NA,NA,NA,NA,NA,NA,1,1,1,1,FALSE,FALSE,TRUE,TRUE,FALSE,FALSE
"Citrobacter freundii",NA,NA,NA,NA,NA,NA,1,1,1,1,FALSE,FALSE,TRUE,TRUE,FALSE,FALSE
"Hafnia alvei",NA,NA,NA,NA,NA,NA,1,1,1,1,FALSE,FALSE,TRUE,TRUE,FALSE,FALSE
"Morganella morganii",NA,NA,NA,NA,NA,NA,1,1,1,1,FALSE,FALSE,TRUE,TRUE,FALSE,FALSE
"Brachyspira pilosicoli",NA,NA,NA,NA,NA,NA,1,1,1,1,FALSE,FALSE,TRUE,TRUE,FALSE,FALSE
"Leptotrichia sp. oral taxon 221",NA,NA,NA,NA,NA,NA,1,1,1,1,FALSE,FALSE,TRUE,TRUE,FALSE,FALSE
"Blohavirus faecalis",NA,NA,NA,NA,NA,NA,1,1,1,1,FALSE,FALSE,TRUE,TRUE,FALSE,FALSE
"Blohavirus americanus",NA,NA,NA,NA,NA,NA,1,1,1,1,FALSE,FALSE,TRUE,TRUE,FALSE,FALSE
"Birpovirus hominis",NA,NA,NA,NA,NA,NA,1,1,1,1,FALSE,FALSE,TRUE,TRUE,FALSE,FALSE
"Birpovirus hiberniae",NA,NA,NA,NA,NA,NA,1,1,1,1,FALSE,FALSE,TRUE,TRUE,FALSE,FALSE
"Burzaovirus faecalis",NA,NA,NA,NA,NA,NA,1,1,1,1,FALSE,FALSE,TRUE,TRUE,FALSE,FALSE
"Mahlunavirus rarus",NA,NA,NA,NA,NA,NA,1,1,1,1,FALSE,FALSE,TRUE,TRUE,FALSE,FALSE
